Cadence Genus(TM) Synthesis Solution.
Copyright 2022 Cadence Design Systems, Inc. All rights reserved worldwide.
Cadence and the Cadence logo are registered trademarks and Genus is a trademark
of Cadence Design Systems, Inc. in the United States and other countries.

[02:35:36.382361] Configured Lic search path (21.01-s002): 5280@172.17.7.7

Version: 21.14-s082_1, built Thu Jun 23 11:32:08 PDT 2022
Options: -files run_dft_core.tcl 
Date:    Sat May 02 02:35:36 2026
Host:    A17 (x86_64 w/Linux 4.18.0-425.3.1.el8.x86_64) (4cores*8cpus*1physical cpu*Intel(R) Core(TM) i7-7700 CPU @ 3.60GHz 8192KB) (15936228KB)
PID:     50026
OS:      Red Hat Enterprise Linux release 8.7 (Ootpa)


[02:35:37.019561] Periodic Lic check successful
[02:35:37.019568] Feature usage summary:
[02:35:37.019568] Genus_Synthesis
Checking out license: Genus_Synthesis


***********************************************************************************************************
***********************************************************************************************************



Loading tool scripts...
Finished loading tool scripts (6 seconds elapsed).

#@ Processing -files option
@genus 1> source run_dft_core.tcl
#@ Begin verbose source ./run_dft_core.tcl
@file(run_dft_core.tcl) 6: set_db init_lib_search_path {/home/student/ANUPAM/Fresh_GPDK180/ ../Memory_Macros/}
  Setting attribute of root '/': 'init_lib_search_path' = /home/student/ANUPAM/Fresh_GPDK180/ ../Memory_Macros/
@file(run_dft_core.tcl) 7: set_db init_hdl_search_path {../Golden_Design_RTL/}
  Setting attribute of root '/': 'init_hdl_search_path' = ../Golden_Design_RTL/
@file(run_dft_core.tcl) 8: set_db script_search_path {./}
  Setting attribute of root '/': 'script_search_path' = ./
@file(run_dft_core.tcl) 11: set_db library {slow.lib sram_32x64_180nm_TT_5p0V_25C.lib}

Threads Configured:6

  Message Summary for Library both libraries:
  *******************************************
  Missing a function attribute in the output pin definition. [LBR-518]: 1
  Missing library level attribute. [LBR-516]: 1
  An unsupported construct was detected in this library. [LBR-40]: 3
  *******************************************
 
Warning : Libraries have inconsistent nominal operating conditions. In the Liberty library, there are attributes called nom_voltage, nom_process and nom_temperature. Genus reports the message, if the respective values of the 2 given .libs differ. [LBR-38]
        : The libraries are 'tsmc18' and 'sram_32x64_180nm_TT_5p0V_25C_lib'.
        : This is a common source of delay calculation confusion and should be avoided.
Info    : Created nominal operating condition. [LBR-412]
        : Operating condition '_nominal_' was created for the PVT values (1.000000, 1.620000, 125.000000) in library 'slow.lib'.
        : The nominal operating condition is represented, either by the nominal PVT values specified in the library source (via nom_process,nom_voltage and nom_temperature respectively), or by the default PVT values (1.0,1.0,1.0).
Info    : Created nominal operating condition. [LBR-412]
        : Operating condition '_nominal_' was created for the PVT values (1.000000, 5.000000, 25.000000) in library 'sram_32x64_180nm_TT_5p0V_25C.lib'.
Warning : Found libraries with and without pg_pin construct. [LBR-12]
        : Libraries with and without pg_pin construct have been loaded.
        : This can lead to issues later in the flow.
  Setting attribute of root '/': 'library' = slow.lib sram_32x64_180nm_TT_5p0V_25C.lib
@file(run_dft_core.tcl) 14: read_hdl [glob ../Golden_Design_RTL/*.v]
initial begin
      |
Warning : Ignoring unsynthesizable construct. [VLOGPT-37]
        : Initial in file '../Golden_Design_RTL/../Golden_Design_RTL/Data_Memory.v' on line 21, column 7.
        : For example, the following constructs will be ignored:
    - initial block
    - final block
    - program block
    - property block
    - sequence block
    - covergroup
    - checker block
    - gate drive strength
    - system task enable
    - reg declaration with initial value
    - specify block.
   initial
         |
Warning : Ignoring unsynthesizable construct. [VLOGPT-37]
        : Initial in file '../Golden_Design_RTL/../Golden_Design_RTL/Instruction_Memory.v' on line 18, column 10.
@file(run_dft_core.tcl) 17: elaborate Single_Cycle_Core
Info    : Elaborating Design. [ELAB-1]
        : Elaborating top-level block 'Single_Cycle_Core' from file '../Golden_Design_RTL/../Golden_Design_RTL/Single_Cycle_Core.v'.
Warning : Ignored redundant case item. [CDFG-480]
        : Case item '1100011' in module 'Main_Decoder' in file '../Golden_Design_RTL/../Golden_Design_RTL/Main_Decoder.v' on line 21.
        : When multiple case item expressions match the case condition, only the statements associated with the first matching item are considered.
Warning : Unreachable statements for case item. [CDFG-472]
        : Case item '5' in module 'Main_Decoder' in file '../Golden_Design_RTL/../Golden_Design_RTL/Main_Decoder.v' on line 21.
Warning : Unreachable statements for case item. [CDFG-472]
        : Case item 'default' in module 'ALU_Decoder' in file '../Golden_Design_RTL/../Golden_Design_RTL/ALU_decoder.v' on line 20.
Warning : Unreachable statements for case item. [CDFG-472]
        : Case item 'default' in module 'ALU_Decoder' in file '../Golden_Design_RTL/../Golden_Design_RTL/ALU_decoder.v' on line 16.
Warning : Unreachable statements for case item. [CDFG-472]
        : Case item 'default' in module 'Extend' in file '../Golden_Design_RTL/../Golden_Design_RTL/Extend.v' on line 12.
Warning : Module port is wider than connected signal. [CDFG-465]
        : Signal width (2) does not match width of input port 'ResultSrc' (32) of instance 'Result_Mux_inst' of module 'Result_Mux' in file '../Golden_Design_RTL/../Golden_Design_RTL/Core_Datapath.v' on line 78.
        : This may cause simulation mismatches between the original and synthesized designs.
Warning : Undriven module input port. [ELABUTL-127]
        : Undriven bits of port 'ResultSrc' of instance 'Result_Mux_inst' of module 'Result_Mux' in file '../Golden_Design_RTL/../Golden_Design_RTL/Core_Datapath.v' on line 78, column 30, hid = 0.
        : Run check_design to check 'Undriven Port(s)/Pin(s)' section for all undriven module input ports. It is better to double confirm with designer if these undriven ports are expected. During syn_gen the undriven ports are controlled by attribute 'hdl_unconnected_value', the default value is 0.
Info    : Done Elaborating Design. [ELAB-3]
        : Done elaborating 'Single_Cycle_Core'.
Checking for analog nets...
Check completed for analog nets.
Checking for source RTL...
Check completed for source RTL.
Running Unified Mux Engine Tricks...
Completed Unified Mux Engine Tricks

Stage: post_elab
--------------------------------------------------------
| Trick             | Accepts | Rejects | Runtime (ms) | 
--------------------------------------------------------
| ume_constant_bmux |       0 |       0 |         0.00 | 
--------------------------------------------------------
Starting clip mux common data inputs [v1.0] (stage: post_elab, startdef: Single_Cycle_Core, recur: true)
Completed clip mux common data inputs (accepts: 0, rejects: 0, runtime: 0.000s)
Starting clip the non-user hierarchies [v2.0] (stage: post_elab, startdef: Single_Cycle_Core, recur: true)
Completed clip the non-user hierarchies (accepts: 0, rejects: 0, runtime: 0.001s)

Stage: post_elab
---------------------------------------------------------
| Transform          | Accepts | Rejects | Runtime (ms) | 
---------------------------------------------------------
| hlo_clip_mux_input |       0 |       0 |         0.00 | 
| hlo_clip           |       0 |       0 |         1.00 | 
---------------------------------------------------------
UM:   flow.cputime  flow.realtime  timing.setup.tns  timing.setup.wns  snapshot
UM:*                                                                   elaborate
@file(run_dft_core.tcl) 20: read_sdc constraints.sdc
Error   : Unknown TCL command in the SDC file. [SDC-234] [read_sdc]
        : Invalid command '<<EOF'
        : The 'read_sdc' command encountered a problem while trying to evaluate a command in the SDC file.
Error   : Could not interpret SDC command. [SDC-202] [read_sdc]
        : The TCL interpreter encountered the following error while processing line '1' of the SDC file 'constraints.sdc': 0.
        : The 'read_sdc' command encountered a problem while trying to evaluate an SDC command. This SDC command will be added to the Tcl variable $::dc::sdc_failed_commands.
Warning : Could not find requested search value. [SDC-208] [get_ports]
        : The 'get_ports' command on line '22' of the SDC file 'constraints.sdc'  cannot find any ports named 'DataAddr[*]'
        : Use get_* commands to find the objects along with a wild card entry in the name of the object to check if the object is existing with different naming style.
Error   : Invalid SDC command option combination. [SDC-204] [set_io_delay]
        : The set_io_delay command does not accept empty ports lists
        : This option is not valid for the indicated SDC command. Check the SDC command and contact Cadence customer support if you believe this option combination should be supported.
Error   : Could not interpret SDC command. [SDC-202] [read_sdc]
        : The 'read_sdc' command encountered an error while processing this command on line '22' of the SDC file 'constraints.sdc': set_output_delay -max 4.0 -clock sys_clk [get_ports {DataAddr[*]}].
Warning : Could not find requested search value. [SDC-208] [get_ports]
        : The 'get_ports' command on line '23' of the SDC file 'constraints.sdc'  cannot find any ports named 'read_dataout[*]'
Error   : Could not interpret SDC command. [SDC-202] [read_sdc]
        : The 'read_sdc' command encountered an error while processing this command on line '23' of the SDC file 'constraints.sdc': set_output_delay -max 4.0 -clock sys_clk [get_ports {read_dataout[*]}].
Warning : Could not find requested search value. [SDC-208] [get_ports]
        : The 'get_ports' command on line '24' of the SDC file 'constraints.sdc'  cannot find any ports named 'PC_out[*]'
Error   : Could not interpret SDC command. [SDC-202] [read_sdc]
        : The 'read_sdc' command encountered an error while processing this command on line '24' of the SDC file 'constraints.sdc': set_output_delay -max 4.0 -clock sys_clk [get_ports {PC_out[*]}].
Warning : Could not find requested search value. [SDC-208] [get_ports]
        : The 'get_ports' command on line '25' of the SDC file 'constraints.sdc'  cannot find any ports named 'Instr_out[*]'
Error   : Could not interpret SDC command. [SDC-202] [read_sdc]
        : The 'read_sdc' command encountered an error while processing this command on line '25' of the SDC file 'constraints.sdc': set_output_delay -max 4.0 -clock sys_clk [get_ports {Instr_out[*]}].
Error   : Unknown TCL command in the SDC file. [SDC-234] [read_sdc]
        : Invalid command 'EOF'
Error   : Could not interpret SDC command. [SDC-202] [read_sdc]
        : The TCL interpreter encountered the following error while processing line '34' of the SDC file 'constraints.sdc': invalid command name 'EOF'.
Statistics for commands executed by read_sdc:
 "all_inputs"               - successful      1 , failed      0 (runtime  0.00)
 "all_outputs"              - successful      2 , failed      0 (runtime  0.00)
 "create_clock"             - successful      1 , failed      0 (runtime  0.00)
 "current_design"           - successful      2 , failed      0 (runtime  0.00)
 "get_clocks"               - successful      4 , failed      0 (runtime  0.00)
 "get_ports"                - successful      6 , failed      4 (runtime  0.00)
 "remove_from_collection"   - successful      1 , failed      0 (runtime  0.00)
 "set_clock_transition"     - successful      2 , failed      0 (runtime  0.00)
 "set_clock_uncertainty"    - successful      2 , failed      0 (runtime  0.00)
 "set_input_delay"          - successful      2 , failed      0 (runtime  0.00)
 "set_input_transition"     - successful      1 , failed      0 (runtime  0.00)
 "set_load"                 - successful      1 , failed      0 (runtime  0.00)
 "set_max_fanout"           - successful      1 , failed      0 (runtime  0.00)
 "set_max_transition"       - successful      1 , failed      0 (runtime  0.00)
 "set_output_delay"         - successful      3 , failed      4 (runtime  0.00)
Warning : Total failed commands during read_sdc are 8
Warning : One or more commands failed when these constraints were applied. [SDC-209]
        : The 'read_sdc' command encountered a problem while processing commands.
        : You can examine the failed commands or save them to a file by querying the Tcl variable $::dc::sdc_failed_commands.
read_sdc completed in 00:00:00 (hh:mm:ss)
@file(run_dft_core.tcl) 24: set_db / .dft_scan_style muxed_scan
  Setting attribute of root '/': 'dft_scan_style' = muxed_scan
@file(run_dft_core.tcl) 27: define_shift_enable -name SE -active high -create_port SE -default
@file(run_dft_core.tcl) 30: syn_generic
Info    : Undriven module input port. [ELABUTL-131]
        : Assuming a logic '0' value for undriven bits of port 'ResultSrc' of instance 'Result_Mux_inst' of module 'Result_Mux'.
        : The 'hdl_unconnected_value' attribute controls treatment of undriven input port.

Stage: pre_early_cg
------------------------------------------------
| Transform | Accepts | Rejects | Runtime (ms) | 
------------------------------------------------
------------------------------------------------
##Generic Timing Info for library domain: _default_ typical gate delay: 164.6 ps std_slew: 49.2 ps std_load: 9.7 fF
Starting mux data reorder optimization [v1.0] (stage: pre_to_gen_setup, startdef: Single_Cycle_Core, recur: true)
Completed mux data reorder optimization (accepts: 0, rejects: 0, runtime: 0.000s)

Stage: pre_to_gen_setup
------------------------------------------------------
| Transform       | Accepts | Rejects | Runtime (ms) | 
------------------------------------------------------
| hlo_mux_reorder |       0 |       0 |         0.00 | 
------------------------------------------------------
Info    : Synthesizing. [SYNTH-1]
        : Synthesizing 'Single_Cycle_Core' to generic gates using 'medium' effort.
PBS_Generic-Start - Elapsed_Time 0, CPU_Time 0.0
stamp 'PBS_Generic-Start' being created for table 'pbs_debug'

  Total Time (Wall) |  Stage Time (Wall)  |   % (Wall)   |    Date - Time     |  Memory   | Stage
--------------------+---------------------+--------------+--------------------+-----------+----------------------
 00:00:08(00:00:05) |  00:00:00(00:00:00) |   0.0(  0.0) |    2:35:45 (May02) |  469.2 MB | PBS_Generic-Start
--------------------+---------------------+--------------+--------------------+-----------+----------------------
Number of threads: 8 * 1   (id: pbs_debug, time_info v1.57)
Info: (*N*) indicates data that was populated from previously saved time_info database
Info: CPU time includes time of parent + longest thread
TNS Restructuring config: no_value at stage: generic applied.
Info    : Partition Based Synthesis execution skipped. [PHYS-752]
        : Design size is less than the partition size '100000' for distributed generic optimization to kick in.
Starting mux data reorder optimization [v1.0] (stage: pre_to_gen_setup, startdef: Single_Cycle_Core, recur: true)
Completed mux data reorder optimization (accepts: 0, rejects: 0, runtime: 0.003s)

Stage: pre_to_gen_setup
------------------------------------------------------
| Transform       | Accepts | Rejects | Runtime (ms) | 
------------------------------------------------------
| hlo_mux_reorder |       0 |       0 |         3.00 | 
------------------------------------------------------
Starting mux data reorder optimization [v1.0] (stage: post_to_gen_setup, startdef: Single_Cycle_Core, recur: true)
Completed mux data reorder optimization (accepts: 0, rejects: 0, runtime: 0.000s)

Stage: post_to_gen_setup
------------------------------------------------------
| Transform       | Accepts | Rejects | Runtime (ms) | 
------------------------------------------------------
| hlo_mux_reorder |       0 |       0 |         0.00 | 
------------------------------------------------------
Running Unified Mux Engine Tricks...
Completed Unified Mux Engine Tricks

Stage: pre_hlo_rtlopt
--------------------------------------------
| Trick | Accepts | Rejects | Runtime (ms) | 
--------------------------------------------
--------------------------------------------
Starting infer macro optimization [v1.0] (stage: pre_rtlopt, startdef: Single_Cycle_Core, recur: true)
Completed infer macro optimization (accepts: 0, rejects: 4, runtime: 0.005s)
Starting decode mux sandwich optimization [v2.0] (stage: pre_rtlopt, startdef: Single_Cycle_Core, recur: true)
Completed decode mux sandwich optimization (accepts: 0, rejects: 0, runtime: 0.001s)
Starting decode mux optimization [v1.0] (stage: pre_rtlopt, startdef: Single_Cycle_Core, recur: true)
Completed decode mux optimization (accepts: 0, rejects: 0, runtime: 0.000s)
Starting chop wide muxes [v1.0] (stage: pre_rtlopt, startdef: Single_Cycle_Core, recur: true)
Completed chop wide muxes (accepts: 0, rejects: 0, runtime: 0.000s)
Starting common data mux cascade opt [v1.0] (stage: pre_rtlopt, startdef: Single_Cycle_Core, recur: true)
Completed common data mux cascade opt (accepts: 0, rejects: 0, runtime: 0.000s)
Starting mux input consolidation [v1.0] (stage: pre_rtlopt, startdef: Single_Cycle_Core, recur: true)
Completed mux input consolidation (accepts: 0, rejects: 0, runtime: 0.001s)
Starting constant-data mux optimization [v1.0] (stage: pre_rtlopt, startdef: Single_Cycle_Core, recur: true)
Completed constant-data mux optimization (accepts: 0, rejects: 0, runtime: 0.001s)
Starting chain-to-tree inequality transform [v2.0] (stage: pre_rtlopt, startdef: Single_Cycle_Core, recur: true)
Completed chain-to-tree inequality transform (accepts: 0, rejects: 0, runtime: 0.007s)
Starting reconvergence optimization [v1.0] (stage: pre_rtlopt, startdef: Single_Cycle_Core, recur: true)
Completed reconvergence optimization (accepts: 0, rejects: 0, runtime: 0.000s)
Starting logic restructure optimization [v1.0] (stage: pre_rtlopt, startdef: Single_Cycle_Core, recur: true)
Completed logic restructure optimization (accepts: 0, rejects: 0, runtime: 0.001s)
Starting common select mux optimization [v1.0] (stage: pre_rtlopt, startdef: Single_Cycle_Core, recur: true)
Info    : Deleting instances not driving any primary outputs. [GLO-34]
        : Deleting 14 hierarchical instances.
        : Optimizations such as constant propagation or redundancy removal could change the connections so a hierarchical instance does not drive any primary outputs anymore. To see the list of deleted hierarchical instances, set the 'information_level' attribute to 2 or above. If the message is truncated set the message attribute 'truncate' to false to see the complete list. To prevent this optimization, set the 'delete_unloaded_insts' root/subdesign attribute to 'false' or 'preserve' instance attribute to 'true'.
Completed common select mux optimization (accepts: 1, rejects: 1, runtime: 0.182s)
Starting identity transform [v3.0] (stage: pre_rtlopt, startdef: Single_Cycle_Core, recur: true)
Completed identity transform (accepts: 0, rejects: 0, runtime: 0.001s)
Starting reduce operator chain [v1.0] (stage: pre_rtlopt, startdef: Single_Cycle_Core, recur: true)
Completed reduce operator chain (accepts: 0, rejects: 0, runtime: 0.000s)
Starting common data mux cascade opt [v1.0] (stage: pre_rtlopt, startdef: Single_Cycle_Core, recur: true)
Completed common data mux cascade opt (accepts: 0, rejects: 0, runtime: 0.000s)
Starting mux input consolidation [v1.0] (stage: pre_rtlopt, startdef: Single_Cycle_Core, recur: true)
Completed mux input consolidation (accepts: 0, rejects: 0, runtime: 0.000s)
Starting optimize datapath elements [v1.0] (stage: pre_rtlopt, startdef: Single_Cycle_Core, recur: true)
Completed optimize datapath elements (accepts: 0, rejects: 0, runtime: 0.000s)
Starting datapath recasting [v1.0] (stage: pre_rtlopt, startdef: Single_Cycle_Core, recur: true)
Completed datapath recasting (accepts: 0, rejects: 0, runtime: 0.000s)
Starting clip mux common data inputs [v1.0] (stage: pre_rtlopt, startdef: Single_Cycle_Core, recur: true)
Completed clip mux common data inputs (accepts: 0, rejects: 0, runtime: 0.000s)
Starting clip the non-user hierarchies [v2.0] (stage: pre_rtlopt, startdef: Single_Cycle_Core, recur: true)
Completed clip the non-user hierarchies (accepts: 0, rejects: 0, runtime: 0.001s)

Stage: pre_rtlopt
----------------------------------------------------------------
| Transform                 | Accepts | Rejects | Runtime (ms) | 
----------------------------------------------------------------
| hlo_infer_macro           |       0 |       4 |         5.00 | 
| hlo_decode_mux_sandwich   |       0 |       0 |         1.00 | 
| hlo_mux_decode            |       0 |       0 |         0.00 | 
| hlo_chop_mux              |       0 |       0 |         0.00 | 
| hlo_mux_cascade_opt       |       0 |       0 |         0.00 | 
| hlo_mux_consolidation     |       0 |       0 |         1.00 | 
| hlo_constant_mux_opt      |       0 |       0 |         1.00 | 
| hlo_inequality_transform  |       0 |       0 |         7.00 | 
| hlo_reconv_opt            |       0 |       0 |         0.00 | 
| hlo_restructure           |       0 |       0 |         1.00 | 
| hlo_common_select_muxopto |       1 |       1 |       182.00 | 
| hlo_identity_transform    |       0 |       0 |         1.00 | 
| hlo_reduce_operator_chain |       0 |       0 |         0.00 | 
| hlo_mux_cascade_opt       |       0 |       0 |         0.00 | 
| hlo_mux_consolidation     |       0 |       0 |         0.00 | 
| hlo_optimize_datapath     |       0 |       0 |         0.00 | 
| hlo_datapath_recast       |       0 |       0 |         0.00 | 
| hlo_clip_mux_input        |       0 |       0 |         0.00 | 
| hlo_clip                  |       0 |       0 |         1.00 | 
----------------------------------------------------------------
Running Unified Mux Engine Tricks...
Completed Unified Mux Engine Tricks

Stage: post_hlo_rtlopt
--------------------------------------------------
| Trick       | Accepts | Rejects | Runtime (ms) | 
--------------------------------------------------
| ume_runtime |       0 |       0 |         0.00 | 
--------------------------------------------------
Number of big hc bmuxes before = 2
Number of non-ctl's : 6
mux_ALUControl_20_4 mux_ALUControl_20_18 mux_ALUControl_37_18 mux_ALUControl_16_6 mux_ALUControl_22_8 mux_ALUControl_29_10 
SOP DEBUG : Module= ALU_Decoder, Cluster= ctl_20_18, ctl= 6, Non-ctl= 6
Selected impl_type 1 (pla_form1 (optimized)) for sop cluster ctl_20_18.
Number of non-ctl's : 1
mux_control_signals_13_11 
SOP DEBUG : Module= Main_Decoder, Cluster= ctl_op_13_11, ctl= 1, Non-ctl= 1
Selected impl_type 1 (pla_form1 (optimized)) for sop cluster ctl_op_13_11.
Info    : Pre-processed datapath logic. [DPOPT-6]
        : Pre-processing optimizations applied to datapath logic in 'Single_Cycle_Core':
          sop(2) 
Info    : Optimizing datapath logic. [DPOPT-1]
        : Optimizing datapath logic in 'Single_Cycle_Core'.
Info    : Implementing datapath configurations. [DPOPT-3]
        : Implementing datapath configurations for 'CDN_DP_region_2_0'
CSAGen Prep Share:0 Re-Write:2 Speculation: 0
Info    : Accepted resource sharing opportunity. [RTLOPT-30]
        : Merged the following sets of instances in 'CDN_DP_region_2_0_c6 in Core_Datapath':
	  (ALU_inst_add_41_32, ALU_inst_add_18_8, ALU_inst_add_18_19)

CDN_DP_region_2_0 level = 0 loads = 0 drivers = 0
CDN_DP_region_2_0_c0 in Core_Datapath: area: 138846953616 ,dp = 16 mux = 10 sg = slow         worst_clk_period: -1.0000 
    wns: 0  norm_wns:  -1.0000 
    fail_endp: -1 
    tns:  0  tns_per_endp:  -1.0000   norm_tns_per_endp:  -1.0000 
    tns_sense_max:  -1.0000  tns_sense_avg:  -1.0000   tns_sense_num: -1
 skipped
CDN_DP_region_2_0_c1 in Core_Datapath: area: 127846754826 ,dp = 10 mux = 11 sg = fast         worst_clk_period: -1.0000 
    wns: 0  norm_wns:  -1.0000 
    fail_endp: -1 
    tns:  0  tns_per_endp:  -1.0000   norm_tns_per_endp:  -1.0000 
    tns_sense_max:  -1.0000  tns_sense_avg:  -1.0000   tns_sense_num: -1
 is current best
CDN_DP_region_2_0_c2 in Core_Datapath: area: 127846754826 ,dp = 10 mux = 11 sg = very_slow    worst_clk_period: -1.0000 
    wns: 0  norm_wns:  -1.0000 
    fail_endp: -1 
    tns:  0  tns_per_endp:  -1.0000   norm_tns_per_endp:  -1.0000 
    tns_sense_max:  -1.0000  tns_sense_avg:  -1.0000   tns_sense_num: -1
 is current best
CDN_DP_region_2_0_c3 in Core_Datapath: area: 127846754826 ,dp = 10 mux = 11 sg = very_fast    worst_clk_period: -1.0000 
    wns: 0  norm_wns:  -1.0000 
    fail_endp: -1 
    tns:  0  tns_per_endp:  -1.0000   norm_tns_per_endp:  -1.0000 
    tns_sense_max:  -1.0000  tns_sense_avg:  -1.0000   tns_sense_num: -1
 is current best
CDN_DP_region_2_0_c4 in Core_Datapath: area: 127846754826 ,dp = 10 mux = 11 sg = very_fast    worst_clk_period: -1.0000 
    wns: 0  norm_wns:  -1.0000 
    fail_endp: -1 
    tns:  0  tns_per_endp:  -1.0000   norm_tns_per_endp:  -1.0000 
    tns_sense_max:  -1.0000  tns_sense_avg:  -1.0000   tns_sense_num: -1
 is current best
CDN_DP_region_2_0_c5 in Core_Datapath: area: 127846754826 ,dp = 10 mux = 11 sg = very_fast    worst_clk_period: -1.0000 
    wns: 0  norm_wns:  -1.0000 
    fail_endp: -1 
    tns:  0  tns_per_endp:  -1.0000   norm_tns_per_endp:  -1.0000 
    tns_sense_max:  -1.0000  tns_sense_avg:  -1.0000   tns_sense_num: -1
 is current best
CDN_DP_region_2_0_c6 in Core_Datapath: area: 129290167154 ,dp = 10 mux = 12 sg = very_fast    worst_clk_period: -1.0000 
    wns: 0  norm_wns:  -1.0000 
    fail_endp: -1 
    tns:  0  tns_per_endp:  -1.0000   norm_tns_per_endp:  -1.0000 
    tns_sense_max:  -1.0000  tns_sense_avg:  -1.0000   tns_sense_num: -1

Not considering config 7 due to bailout. 
Best config: CDN_DP_region_2_0_c5 in Core_Datapath: area: 127846754826 ,dp = 10 mux = 11 sg = very_fast    worst_clk_period: -1.0000 
    wns: 0  norm_wns:  -1.0000 
    fail_endp: -1 
    tns:  0  tns_per_endp:  -1.0000   norm_tns_per_endp:  -1.0000 
    tns_sense_max:  -1.0000  tns_sense_avg:  -1.0000   tns_sense_num: -1
  Smallest config area : 127846754826.  Fastest config wns;  0
##>+----------------------------------------------------------------------------------------------------------------------------------------------------------------+
##>Summary table of configs (Best config is CDN_DP_region_2_0_c5)
##>+----------------------------------------------------------------------------------------------------------------------------------------------------------------+
##>                     0                  1                  2                  3                  4                  5                  6            
##>+----------------------------------------------------------------------------------------------------------------------------------------------------------------+
##>           Area     138846953616       127846754826       127846754826       127846754826       127846754826       127846754826       129290167154  
##>            WNS         +5822.80           +5822.80           +5822.80           +5822.80           +5822.80           +5822.80           +5822.80  
##>            TNS                0                  0                  0                  0                  0                  0                  0  
##>    Num Rewrite                0                  0                  0                  0                  0                  0                  0  
##>     Num Factor                0                  0                  0                  0                  0                  0                  0  
##>      Num Share                0                  0                  0                  0                  0                  0                  1  
##>   Num CmultCse                0                  0                  0                  0                  0                  0                  0  
##>   Num Downsize                0                  0                  0                  0                  0                  0                  0  
##>  Num Speculate                0                  0                  0                  0                  0                  0                  0  
##>     Runtime(s)                0                  0                  0                  0                  0                  0                  1  
+----------------------------------------------------------------------------------------------------------------------------------------------------------------+
##>
##>
##>+------------------------------------------------------------------------------------------------------------------------------------------------------------+
##>Optimization Step DEBUG Table for config CDN_DP_region_2_0_c5
##>
##>                          Step                        Area   ( % Chg)        WNS (Change)        TNS (Change)          Runtime (s)        Comment                   
##>+------------------------------------------------------------------------------------------------------------------------------------------------------------+
##>createMaxCarrySave              START           138846953616 (      )     5822.80 (        )             0 (        )              
##> datapath_rewrite_one_def       START           138846953616 ( +0.00)     5822.80 (   +0.00)             0 (       0)              
##>  fast_cse_elim                 START           138846953616 ( +0.00)     5822.80 (   +0.00)             0 (       0)              
##>                                  END           138835313194 ( -0.01)     5822.80 (   +0.00)             0 (       0)           0  
##>  fast_cse_elim                 START           138835313194 ( +0.00)     5822.80 (   +0.00)             0 (       0)              
##>                                  END           138835313194 ( +0.00)     5822.80 (   +0.00)             0 (       0)           0  
##>                                  END           138835313194 ( -0.01)     5822.80 (   +0.00)             0 (       0)           0  
##> speculate_in_gdef              START           138835313194 ( +0.00)     5822.80 (   +0.00)             0 (       0)              
##>  pre_speculate_mux_merge       START           138835313194 ( +0.00)     5822.80 (   +0.00)             0 (       0)              
##>                                  END           138835313194 ( +0.00)     5822.80 (   +0.00)             0 (       0)           0  
##>                                  END           138835313194 ( +0.00)     5822.80 (   +0.00)             0 (       0)           0  
##> csa_opto                       START           138835313194 ( +0.00)     5822.80 (   +0.00)             0 (       0)              
##>                                  END           136379184152 ( -1.77)     5822.80 (   +0.00)             0 (       0)           0  
##>                                  END           136379184152 ( -1.78)     5822.80 (   +0.00)             0 (       0)           0  
##>canonicalize_by_names           START           136379184152 ( +0.00)     5822.80 (   +0.00)             0 (       0)              
##>                                  END           136379184152 ( +0.00)     5822.80 (   +0.00)             0 (       0)           0  
##>datapath_rewrite_post_csa_one_  START           136379184152 ( +0.00)     5822.80 (   +0.00)             0 (       0)              
##>                                  END           136379184152 ( +0.00)     5822.80 (   +0.00)             0 (       0)           0  
##>datapath_csa_factoring_one_gde  START           136379184152 ( +0.00)     5822.80 (   +0.00)             0 (       0)              
##>                                  END           136379184152 ( +0.00)     5822.80 (   +0.00)             0 (       0)           0  
##>dpopt_share_one_def             START           136379184152 ( +0.00)     5822.80 (   +0.00)             0 (       0)              
##>                                  END           136379184152 ( +0.00)     5822.80 (   +0.00)             0 (       0)           0  
##>datapath_rewrite_post_share     START           136379184152 ( +0.00)     5822.80 (   +0.00)             0 (       0)              
##>                                  END           136379184152 ( +0.00)     5822.80 (   +0.00)             0 (       0)           0  
##>dp_combine_const_mult_with_com  START           136379184152 ( +0.00)     5822.80 (   +0.00)             0 (       0)              
##>                                  END           136379184152 ( +0.00)     5822.80 (   +0.00)             0 (       0)           0  
##>speculate_in_gdef               START           136379184152 ( +0.00)     5822.80 (   +0.00)             0 (       0)              
##> pre_speculate_mux_merge        START           136379184152 ( +0.00)     5822.80 (   +0.00)             0 (       0)              
##>                                  END           136379184152 ( +0.00)     5822.80 (   +0.00)             0 (       0)           0  
##>                                  END           136379184152 ( +0.00)     5822.80 (   +0.00)             0 (       0)           0  
##>dp_operator_level_decompositio  START           136379184152 ( +0.00)     5822.80 (   +0.00)             0 (       0)              
##>                                  END           136379184152 ( +0.00)     5822.80 (   +0.00)             0 (       0)           0  
##>selective_flatten_dp_config     START           136379184152 ( +0.00)     5822.80 (   +0.00)             0 (       0)              
##>                                  END           136355903308 ( -0.02)     5822.80 (   +0.00)             0 (       0)           0  
##>createMaxCarrySave              START           136355903308 ( +0.00)     5822.80 (   +0.00)             0 (       0)              
##> datapath_rewrite_one_def       START           136355903308 ( +0.00)     5822.80 (   +0.00)             0 (       0)              
##>  fast_cse_elim                 START           136355903308 ( +0.00)     5822.80 (   +0.00)             0 (       0)              
##>                                  END           136332622464 ( -0.02)     5822.80 (   +0.00)             0 (       0)           0  
##>  fast_cse_elim                 START           136332622464 ( +0.00)     5822.80 (   +0.00)             0 (       0)              
##>                                  END           136332622464 ( +0.00)     5822.80 (   +0.00)             0 (       0)           0  
##>                                  END           136332622464 ( -0.02)     5822.80 (   +0.00)             0 (       0)           0  
##> speculate_in_gdef              START           136332622464 ( +0.00)     5822.80 (   +0.00)             0 (       0)              
##>  pre_speculate_mux_merge       START           136332622464 ( +0.00)     5822.80 (   +0.00)             0 (       0)              
##>                                  END           136332622464 ( +0.00)     5822.80 (   +0.00)             0 (       0)           0  
##>                                  END           136332622464 ( +0.00)     5822.80 (   +0.00)             0 (       0)           0  
##> csa_opto                       START           136332622464 ( +0.00)     5822.80 (   +0.00)             0 (       0)              
##>                                  END           136332622464 ( +0.00)     5822.80 (   +0.00)             0 (       0)           0  
##>                                  END           136332622464 ( -0.02)     5822.80 (   +0.00)             0 (       0)           0  
##>context_based_simplify          START           136332622464 ( +0.00)     5822.80 (   +0.00)             0 (       0)              
##>                                  END           135529433346 ( -0.59)     5822.80 (   +0.00)             0 (       0)           0  
##>group_csa_final_adder_dp        START           135529433346 ( +0.00)     5822.80 (   +0.00)             0 (       0)              
##>                                  END           135529433346 ( +0.00)     5822.80 (   +0.00)             0 (       0)           0  
##>dpopt_flatten_critical_muxes_i  START           135529433346 ( +0.00)     5822.80 (   +0.00)             0 (       0)              
##>                                  END           127846754826 ( -5.67)     5822.80 (   +0.00)             0 (       0)           0  
##>speculate_in_gdef               START           127846754826 ( +0.00)     5822.80 (   +0.00)             0 (       0)              
##> pre_speculate_mux_merge        START           127846754826 ( +0.00)     5822.80 (   +0.00)             0 (       0)              
##>                                  END           127846754826 ( +0.00)     5822.80 (   +0.00)             0 (       0)           0  
##>                                  END           127846754826 ( +0.00)     5822.80 (   +0.00)             0 (       0)           0  
##>create_score                    START           127846754826 ( +0.00)     5822.80 (   +0.00)             0 (       0)              
##>                                  END           127846754826 ( +0.00)     5822.80 (   +0.00)             0 (       0)           0  
##>+------------------------------------------------------------------------------------------------------------------------------------------------------------+
Committed config: CDN_DP_region_2_0_c5
Info    : Done implementing datapath configurations. [DPOPT-4]
        : Selected 'very_fast' configuration 5 for module 'CDN_DP_region_2_0'.
          Optimizations applied to 'very_fast' configuration:
            rewriting(0), factoring(0), sharing(0), cmultcse(0), downsizing(0), speculation(0)
Info    : Done optimizing datapath logic. [DPOPT-2]
        : Done optimizing datapath logic in 'Single_Cycle_Core'.
Number of big hc bmuxes after = 2
Starting logic reduction [v1.0] (stage: post_rtlopt, startdef: Single_Cycle_Core, recur: true)
Completed logic reduction (accepts: 0, rejects: 0, runtime: 0.000s)
Starting mux data reorder optimization [v1.0] (stage: post_rtlopt, startdef: Single_Cycle_Core, recur: true)
Completed mux data reorder optimization (accepts: 0, rejects: 0, runtime: 0.002s)

Stage: post_rtlopt
----------------------------------------------------------
| Transform           | Accepts | Rejects | Runtime (ms) | 
----------------------------------------------------------
| hlo_logic_reduction |       0 |       0 |         0.00 | 
| hlo_mux_reorder     |       0 |       0 |         2.00 | 
----------------------------------------------------------
Info    : Deleting instances not driving any primary outputs. [GLO-34]
        : Deleting 32 sequential instances.
Starting mux speculation [v1.0] (stage: post_muxopt, startdef: Single_Cycle_Core, recur: true)
Starting speculation optimization
Completed speculation optimization (accepts:0)
Completed mux speculation (accepts: 0, rejects: 0, runtime: 0.171s)

Stage: post_muxopt
------------------------------------------------------
| Transform       | Accepts | Rejects | Runtime (ms) | 
------------------------------------------------------
| hlo_speculation |       0 |       0 |       171.00 | 
------------------------------------------------------
==================================
Stage : to_generic 
==================================
  =================
   Message Summary
  =================
--------------------------------------------------------------------------------
|     Id      |  Sev   |Count |                 Message Text                   |
--------------------------------------------------------------------------------
| CDFG-250    |Info    |    1 |Processing multi-dimensional arrays.            |
| CDFG-373    |Info    |    7 |Sign mismatch in assignment.                    |
| CDFG-465    |Warning |    1 |Module port is wider than connected signal.     |
|             |        |      |This may cause simulation mismatches between    |
|             |        |      | the original and synthesized designs.          |
| CDFG-472    |Warning |    4 |Unreachable statements for case item.           |
| CDFG-480    |Warning |    1 |Ignored redundant case item.                    |
|             |        |      |When multiple case item expressions match the   |
|             |        |      | case condition, only the statements associated |
|             |        |      | with the first matching item are considered.   |
| CDFG-738    |Info    |    8 |Common subexpression eliminated.                |
| CDFG-739    |Info    |    8 |Common subexpression kept.                      |
| CDFG-769    |Info    |    3 |Identified sum-of-products logic to be          |
|             |        |      | optimized during syn_generic.                  |
| CWD-19      |Info    |   53 |An implementation was inferred.                 |
| DFT-100     |Info    |    1 |Added DFT object.                               |
| DFT-130     |Info    |    1 |Created DFT port.                               |
|             |        |      |A port for DFT purposes was created.            |
| DPOPT-1     |Info    |    1 |Optimizing datapath logic.                      |
| DPOPT-2     |Info    |    1 |Done optimizing datapath logic.                 |
| DPOPT-3     |Info    |    1 |Implementing datapath configurations.           |
| DPOPT-4     |Info    |    1 |Done implementing datapath configurations.      |
| DPOPT-6     |Info    |    1 |Pre-processed datapath logic.                   |
| DPOPT-10    |Info    |    1 |Optimized a mux chain.                          |
| ELAB-1      |Info    |    1 |Elaborating Design.                             |
| ELAB-2      |Info    |   13 |Elaborating Subdesign.                          |
| ELAB-3      |Info    |    1 |Done Elaborating Design.                        |
| ELABUTL-127 |Warning |    1 |Undriven module input port.                     |
|             |        |      |Run check_design to check 'Undriven Port(s)     |
|             |        |      | /Pin(s)                                        |
|             |        |      | ' section for all undriven module input ports. |
|             |        |      | It is better to double confirm with designer   |
|             |        |      | if these undriven ports are expected. During   |
|             |        |      | syn_gen the undriven ports are controlled by   |
|             |        |      | attribute 'hdl_unconnected_value', the default |
|             |        |      | value is 0.                                    |
| ELABUTL-131 |Info    |    1 |Undriven module input port.                     |
|             |        |      |The 'hdl_unconnected_value' attribute controls  |
|             |        |      | treatment of undriven input port.              |
| GLO-34      |Info    |    2 |Deleting instances not driving any primary      |
|             |        |      | outputs.                                       |
|             |        |      |Optimizations such as constant propagation or   |
|             |        |      | redundancy removal could change the            |
|             |        |      | connections so a hierarchical instance does    |
|             |        |      | not drive any primary outputs anymore. To see  |
|             |        |      | the list of deleted hierarchical instances,    |
|             |        |      | set the 'information_level' attribute to 2 or  |
|             |        |      | above. If the message is truncated set the     |
|             |        |      | message attribute 'truncate' to false to see   |
|             |        |      | the complete list. To prevent this             |
|             |        |      | optimization, set the 'delete_unloaded_insts'  |
|             |        |      | root/subdesign attribute to 'false' or         |
|             |        |      | 'preserve' instance attribute to 'true'.       |
| GLO-51      |Info    |    8 |Hierarchical instance automatically ungrouped.  |
|             |        |      |Hierarchical instances can be automatically     |
|             |        |      | ungrouped to allow for better area or timing   |
|             |        |      | optimization. To prevent this ungroup, set the |
|             |        |      | root-level attribute 'auto_ungroup' to 'none'. |
|             |        |      | You can also prevent individual ungroup with   |
|             |        |      | setting the attribute 'ungroup_ok' of          |
|             |        |      | instances or modules to 'false'.               |
| LBR-12      |Warning |    1 |Found libraries with and without pg_pin         |
|             |        |      | construct.                                     |
|             |        |      |This can lead to issues later in the flow.      |
| LBR-30      |Info    |  144 |Promoting a setup arc to recovery.              |
|             |        |      |Setup arcs to asynchronous input pins are not   |
|             |        |      | supported.                                     |
| LBR-31      |Info    |  144 |Promoting a hold arc to removal.                |
|             |        |      |Hold arcs to asynchronous input pins are not    |
|             |        |      | supported.                                     |
| LBR-38      |Warning |    1 |Libraries have inconsistent nominal operating   |
|             |        |      | conditions. In the Liberty library, there are  |
|             |        |      | attributes called nom_voltage, nom_process and |
|             |        |      | nom_temperature. Genus reports the message, if |
|             |        |      | the respective values of the 2 given .libs     |
|             |        |      | differ.                                        |
|             |        |      |This is a common source of delay calculation    |
|             |        |      | confusion and should be avoided.               |
| LBR-40      |Info    |    3 |An unsupported construct was detected in this   |
|             |        |      | library.                                       |
|             |        |      |Check to see if this construct is really needed |
|             |        |      | for synthesis. Many liberty constructs are not |
|             |        |      | actually required.                             |
| LBR-41      |Info    |   33 |An output library pin lacks a function          |
|             |        |      | attribute.                                     |
|             |        |      |If the remainder of this library cell's         |
|             |        |      | semantic checks are successful, it will be     |
|             |        |      | considered as a timing-model                   |
|             |        |      | (because one of its outputs does not have a va |
|             |        |      | lid function.                                  |
| LBR-155     |Info    |    7 |Mismatch in unateness between 'timing_sense'    |
|             |        |      | attribute and the function.                    |
|             |        |      |The 'timing_sense' attribute will be respected. |
| LBR-162     |Info    |  154 |Both 'pos_unate' and 'neg_unate' timing_sense   |
|             |        |      | arcs have been processed.                      |
|             |        |      |Setting the 'timing_sense' to non_unate.        |
| LBR-412     |Info    |    2 |Created nominal operating condition.            |
|             |        |      |The nominal operating condition is represented, |
|             |        |      | either by the nominal PVT values specified in  |
|             |        |      | the library source                             |
|             |        |      | (via nom_process,nom_voltage and nom_temperatu |
|             |        |      | re respectively)                               |
|             |        |      | , or by the default PVT values (1.0,1.0,1.0).  |
| LBR-516     |Info    |    1 |Missing library level attribute.                |
| LBR-518     |Info    |    1 |Missing a function attribute in the output pin  |
|             |        |      | definition.                                    |
| PHYS-752    |Info    |    1 |Partition Based Synthesis execution skipped.    |
| RTLOPT-30   |Info    |    1 |Accepted resource sharing opportunity.          |
| SDC-202     |Error   |    6 |Could not interpret SDC command.                |
|             |        |      |The 'read_sdc' command encountered a problem    |
|             |        |      | while trying to evaluate an SDC command. This  |
|             |        |      | SDC command will be added to the Tcl variable  |
|             |        |      | $::dc::sdc_failed_commands.                    |
| SDC-204     |Error   |    1 |Invalid SDC command option combination.         |
|             |        |      |This option is not valid for the indicated SDC  |
|             |        |      | command. Check the SDC command and contact     |
|             |        |      | Cadence customer support if you believe this   |
|             |        |      | option combination should be supported.        |
| SDC-208     |Warning |    4 |Could not find requested search value.          |
|             |        |      |Use get_* commands to find the objects along    |
|             |        |      | with a wild card entry in the name of the      |
|             |        |      | object to check if the object is existing with |
|             |        |      | different naming style.                        |
| SDC-209     |Warning |    1 |One or more commands failed when these          |
|             |        |      | constraints were applied.                      |
|             |        |      |You can examine the failed commands or save     |
|             |        |      | them to a file by querying the Tcl variable    |
|             |        |      | $::dc::sdc_failed_commands.                    |
| SDC-234     |Error   |    2 |Unknown TCL command in the SDC file.            |
|             |        |      |The 'read_sdc' command encountered a problem    |
|             |        |      | while trying to evaluate a command in the SDC  |
|             |        |      | file.                                          |
| SYNTH-1     |Info    |    1 |Synthesizing.                                   |
| TIM-1000    |Info    |    1 |Multimode clock gating check is disabled.       |
| VLOGPT-37   |Warning |    2 |Ignoring unsynthesizable construct.             |
|             |        |      |For example, the following constructs will be   |
|             |        |      | ignored:
    - initial block
    - final       |
|             |        |      | block
    - program block
    - property       |
|             |        |      | block
    - sequence block
    - covergroup
   |
|             |        |      | - checker block
    - gate drive strength
     |
|             |        |      | - system task enable
    - reg declaration     |
|             |        |      | with initial value
    - specify block.        |
--------------------------------------------------------------------------------
Mapper: Libraries have:
	domain _default_: 278 combo usable cells and 172 sequential usable cells
Multi-threaded constant propagation [1|0] ...
Multi-threaded Virtual Mapping    (8 threads per ST process, 8 of 8 CPUs usable)
==================================
Stage : first_condense 
==================================
  =================
   Message Summary
  =================
--------------------------------------------------------------------------------
|   Id   |Sev  |Count |                     Message Text                       |
--------------------------------------------------------------------------------
| GB-6   |Info |    3 |A datapath component has been ungrouped.                |
| GLO-51 |Info |    8 |Hierarchical instance automatically ungrouped.          |
|        |     |      |Hierarchical instances can be automatically ungrouped   |
|        |     |      | to allow for better area or timing optimization. To    |
|        |     |      | prevent this ungroup, set the root-level attribute     |
|        |     |      | 'auto_ungroup' to 'none'. You can also prevent         |
|        |     |      | individual ungroup with setting the attribute          |
|        |     |      | 'ungroup_ok' of instances or modules to 'false'.       |
--------------------------------------------------------------------------------
 
Global mapping target info
==========================
Cost Group 'sys_clk' target slack:   341 ps
Target path end-point (Pin: Datapath/Register_inst_REG_MEM_BLOCK_reg[30][31]/d)


State Retention Synthesis Status
================================

Category                        Flops   Percentage
--------------------------------------------------
Total instances                  1024        100.0
Excluded from State Retention    1024        100.0
    - Will not convert           1024        100.0
      - Preserved                   0          0.0
      - Power intent excluded    1024        100.0
    - Could not convert             0          0.0
      - Scan type                   0          0.0
      - No suitable cell            0          0.0
State Retention instances           0          0.0
--------------------------------------------------

PBS_Generic_Opt-Post - Elapsed_Time 32, CPU_Time 33.710854
stamp 'PBS_Generic_Opt-Post' being created for table 'pbs_debug'

  Total Time (Wall) |  Stage Time (Wall)  |   % (Wall)   |    Date - Time     |  Memory   | Stage
--------------------+---------------------+--------------+--------------------+-----------+----------------------
 00:00:08(00:00:05) |  00:00:00(00:00:00) |   0.0(  0.0) |    2:35:45 (May02) |  469.2 MB | PBS_Generic-Start
--------------------+---------------------+--------------+--------------------+-----------+----------------------
 00:00:41(00:00:37) |  00:00:33(00:00:32) | 100.0(100.0) |    2:36:17 (May02) |  903.3 MB | PBS_Generic_Opt-Post
--------------------+---------------------+--------------+--------------------+-----------+----------------------
Number of threads: 8 * 1   (id: pbs_debug, time_info v1.57)
Info: (*N*) indicates data that was populated from previously saved time_info database
Info: CPU time includes time of parent + longest thread
PBS_Generic-Postgen HBO Optimizations - Elapsed_Time 0, CPU_Time 0.0
stamp 'PBS_Generic-Postgen HBO Optimizations' being created for table 'pbs_debug'

  Total Time (Wall) |  Stage Time (Wall)  |   % (Wall)   |    Date - Time     |  Memory   | Stage
--------------------+---------------------+--------------+--------------------+-----------+----------------------
 00:00:08(00:00:05) |  00:00:00(00:00:00) |   0.0(  0.0) |    2:35:45 (May02) |  469.2 MB | PBS_Generic-Start
--------------------+---------------------+--------------+--------------------+-----------+----------------------
 00:00:41(00:00:37) |  00:00:33(00:00:32) | 100.0(100.0) |    2:36:17 (May02) |  903.3 MB | PBS_Generic_Opt-Post
--------------------+---------------------+--------------+--------------------+-----------+----------------------
 00:00:41(00:00:37) |  00:00:00(00:00:00) |   0.0(  0.0) |    2:36:17 (May02) |  903.3 MB | PBS_Generic-Postgen HBO Optimizations
--------------------+---------------------+--------------+--------------------+-----------+----------------------
Number of threads: 8 * 1   (id: pbs_debug, time_info v1.57)
Info: (*N*) indicates data that was populated from previously saved time_info database
Info: CPU time includes time of parent + longest thread
##>=================== Cadence Confidential (Generic-Logical) ===================
##>=================== Cadence Confidential (Generic-Logical) ===================
##>Main Thread Summary:
##>----------------------------------------------------------------------------------------
##>STEP                           Elapsed       WNS       TNS     Insts      Area    Memory
##>----------------------------------------------------------------------------------------
##>G:Initial                            0         -         -      4286    229607       469
##>G:Setup                              0         -         -         -         -         -
##>G:Launch ST                          0         -         -         -         -         -
##>G:Design Partition                   0         -         -         -         -         -
##>G:Create Partition Netlists          0         -         -         -         -         -
##>G:Init Power                         0         -         -         -         -         -
##>G:Budgeting                          0         -         -         -         -         -
##>G:Derenv-DB                          0         -         -         -         -         -
##>G:Debug Outputs                      0         -         -         -         -         -
##>G:ST loading                         0         -         -         -         -         -
##>G:Distributed                        0         -         -         -         -         -
##>G:Timer                              0         -         -         -         -         -
##>G:Assembly                           0         -         -         -         -         -
##>G:DFT                                0         -         -         -         -         -
##>G:Const Prop                         0         -         -     11237    321194       903
##>G:Misc                              32
##>----------------------------------------------------------------------------------------
##>Total Elapsed                       32
##>========================================================================================
Info    : Done synthesizing. [SYNTH-2]
        : Done synthesizing 'Single_Cycle_Core' to generic gates.
      flow.cputime  flow.realtime  timing.setup.tns  timing.setup.wns  snapshot
UM:*                                                                   syn_gen
@file(run_dft_core.tcl) 31: syn_map
##Generic Timing Info for library domain: _default_ typical gate delay: 164.6 ps std_slew: 49.2 ps std_load: 9.7 fF
Info    : Mapping. [SYNTH-4]
        : Mapping 'Single_Cycle_Core' using 'high' effort.
Mapper: Libraries have:
	domain _default_: 278 combo usable cells and 172 sequential usable cells
Configuring mapper costing (none)
TNS Restructuring config: no_value at stage: map applied.
PBS_TechMap-Start - Elapsed_Time 0, CPU_Time 0.0
stamp 'PBS_TechMap-Start' being created for table 'pbs_debug'

  Total Time (Wall) |  Stage Time (Wall)  |   % (Wall)   |    Date - Time     |  Memory   | Stage
--------------------+---------------------+--------------+--------------------+-----------+----------------------
 00:00:08(00:00:05) |  00:00:00(00:00:00) |   0.0(  0.0) |    2:35:45 (May02) |  469.2 MB | PBS_Generic-Start
--------------------+---------------------+--------------+--------------------+-----------+----------------------
 00:00:41(00:00:37) |  00:00:33(00:00:32) | 100.0( 97.0) |    2:36:17 (May02) |  903.3 MB | PBS_Generic_Opt-Post
--------------------+---------------------+--------------+--------------------+-----------+----------------------
 00:00:41(00:00:37) |  00:00:00(00:00:00) |   0.0(  0.0) |    2:36:17 (May02) |  903.3 MB | PBS_Generic-Postgen HBO Optimizations
--------------------+---------------------+--------------+--------------------+-----------+----------------------
 00:00:41(00:00:38) |  00:00:00(00:00:01) |   0.0(  3.0) |    2:36:18 (May02) |  903.3 MB | PBS_TechMap-Start
--------------------+---------------------+--------------+--------------------+-----------+----------------------
Number of threads: 8 * 1   (id: pbs_debug, time_info v1.57)
Info: (*N*) indicates data that was populated from previously saved time_info database
Info: CPU time includes time of parent + longest thread
PBS_TechMap-Premap HBO Optimizations - Elapsed_Time 0, CPU_Time 0.0
stamp 'PBS_TechMap-Premap HBO Optimizations' being created for table 'pbs_debug'

  Total Time (Wall) |  Stage Time (Wall)  |   % (Wall)   |    Date - Time     |  Memory   | Stage
--------------------+---------------------+--------------+--------------------+-----------+----------------------
 00:00:08(00:00:05) |  00:00:00(00:00:00) |   0.0(  0.0) |    2:35:45 (May02) |  469.2 MB | PBS_Generic-Start
--------------------+---------------------+--------------+--------------------+-----------+----------------------
 00:00:41(00:00:37) |  00:00:33(00:00:32) | 100.0( 97.0) |    2:36:17 (May02) |  903.3 MB | PBS_Generic_Opt-Post
--------------------+---------------------+--------------+--------------------+-----------+----------------------
 00:00:41(00:00:37) |  00:00:00(00:00:00) |   0.0(  0.0) |    2:36:17 (May02) |  903.3 MB | PBS_Generic-Postgen HBO Optimizations
--------------------+---------------------+--------------+--------------------+-----------+----------------------
 00:00:41(00:00:38) |  00:00:00(00:00:01) |   0.0(  3.0) |    2:36:18 (May02) |  903.3 MB | PBS_TechMap-Start
--------------------+---------------------+--------------+--------------------+-----------+----------------------
 00:00:41(00:00:38) |  00:00:00(00:00:00) |   0.0(  0.0) |    2:36:18 (May02) |  903.3 MB | PBS_TechMap-Premap HBO Optimizations
--------------------+---------------------+--------------+--------------------+-----------+----------------------
Number of threads: 8 * 1   (id: pbs_debug, time_info v1.57)
Info: (*N*) indicates data that was populated from previously saved time_info database
Info: CPU time includes time of parent + longest thread
Info    : Partition Based Synthesis execution skipped. [PHYS-752]
        : Design size is less than the partition size '100000' for distributed mapping optimization to kick in.
Mapper: Libraries have:
	domain _default_: 278 combo usable cells and 172 sequential usable cells
Multi-threaded Virtual Mapping    (8 threads per ST process, 8 of 8 CPUs usable)
 
Global mapping target info
==========================
Cost Group 'sys_clk' target slack:   341 ps
Target path end-point (Pin: Datapath_Register_inst_REG_MEM_BLOCK_reg[30][31]/d)

Multi-threaded Technology Mapping (8 threads per ST process, 8 of 8 CPUs usable)
 
Global mapping status
=====================
                                   Group   
                                  Tot Wrst 
                           Total  Weighted 
Operation                   Area   Slacks  
 global_map               121244        0 

    Cost Group            Target    Slack    Diff.  Constr.
-----------------------------------------------------------
       sys_clk               341     1655             12000 

 
Global incremental target info
==============================
Cost Group 'sys_clk' target slack:   218 ps
Target path end-point (Pin: Datapath_PC_inst_PCReg_reg[31]/SI (SDFFRX1/SI))

==================================
Stage : global_incr_map 
==================================
  =================
   Message Summary
  =================
--------------------------------------------------------------------------------
|    Id    |Sev  |Count |                    Message Text                      |
--------------------------------------------------------------------------------
| GLO-51   |Info |    1 |Hierarchical instance automatically ungrouped.        |
|          |     |      |Hierarchical instances can be automatically ungrouped |
|          |     |      | to allow for better area or timing optimization. To  |
|          |     |      | prevent this ungroup, set the root-level attribute   |
|          |     |      | 'auto_ungroup' to 'none'. You can also prevent       |
|          |     |      | individual ungroup with setting the attribute        |
|          |     |      | 'ungroup_ok' of instances or modules to 'false'.     |
| PA-7     |Info |   14 |Resetting power analysis results.                     |
|          |     |      |All computed switching activities are removed.        |
| PHYS-752 |Info |    1 |Partition Based Synthesis execution skipped.          |
| SYNTH-2  |Info |    1 |Done synthesizing.                                    |
| SYNTH-4  |Info |    1 |Mapping.                                              |
--------------------------------------------------------------------------------
 
Global incremental optimization status
======================================
                                   Group   
                                  Tot Wrst 
                           Total  Weighted 
Operation                   Area   Slacks  
 global_incr              119468        0 

    Cost Group            Target    Slack    Diff.  Constr.
-----------------------------------------------------------
       sys_clk               218      726             12000 


State Retention Synthesis Status
================================

Category                        Flops   Percentage
--------------------------------------------------
Total instances                  1024        100.0
Excluded from State Retention    1024        100.0
    - Will not convert           1024        100.0
      - Preserved                   0          0.0
      - Power intent excluded    1024        100.0
    - Could not convert             0          0.0
      - Scan type                   0          0.0
      - No suitable cell            0          0.0
State Retention instances           0          0.0
--------------------------------------------------

INFO: skipping constant propagation
PBS_Techmap-Global Mapping - Elapsed_Time 44, CPU_Time 45.29930000000002
stamp 'PBS_Techmap-Global Mapping' being created for table 'pbs_debug'

  Total Time (Wall) |  Stage Time (Wall)  |   % (Wall)   |    Date - Time     |  Memory   | Stage
--------------------+---------------------+--------------+--------------------+-----------+----------------------
 00:00:08(00:00:05) |  00:00:00(00:00:00) |   0.0(  0.0) |    2:35:45 (May02) |  469.2 MB | PBS_Generic-Start
--------------------+---------------------+--------------+--------------------+-----------+----------------------
 00:00:41(00:00:37) |  00:00:33(00:00:32) |  42.7( 41.6) |    2:36:17 (May02) |  903.3 MB | PBS_Generic_Opt-Post
--------------------+---------------------+--------------+--------------------+-----------+----------------------
 00:00:41(00:00:37) |  00:00:00(00:00:00) |   0.0(  0.0) |    2:36:17 (May02) |  903.3 MB | PBS_Generic-Postgen HBO Optimizations
--------------------+---------------------+--------------+--------------------+-----------+----------------------
 00:00:41(00:00:38) |  00:00:00(00:00:01) |   0.0(  1.3) |    2:36:18 (May02) |  903.3 MB | PBS_TechMap-Start
--------------------+---------------------+--------------+--------------------+-----------+----------------------
 00:00:41(00:00:38) |  00:00:00(00:00:00) |   0.0(  0.0) |    2:36:18 (May02) |  903.3 MB | PBS_TechMap-Premap HBO Optimizations
--------------------+---------------------+--------------+--------------------+-----------+----------------------
 00:01:27(00:01:22) |  00:00:45(00:00:44) |  57.3( 57.1) |    2:37:02 (May02) |  874.5 MB | PBS_Techmap-Global Mapping
--------------------+---------------------+--------------+--------------------+-----------+----------------------
Number of threads: 8 * 1   (id: pbs_debug, time_info v1.57)
Info: (*N*) indicates data that was populated from previously saved time_info database
Info: CPU time includes time of parent + longest thread
Warning : Command 'commit_power_intent' cannot proceed as there is no power intent loaded. [CPI-506]
        : Command 'commit_power_intent' requires a valid power_intent to be loaded.
Info    : Wrote formal verification information. [CFM-5]
        : Wrote 'fv/Single_Cycle_Core/fv_map.fv.json' for netlist 'fv/Single_Cycle_Core/fv_map.v.gz'.
Warning : Writing DFT constraints in the dofile. [CFM-655]
        : Use 'write_do_lec -no_dft' to comment out DFT constraints.
        : Carefully review the constraints to ensure that functional logic is not excluded from verification.
Info    : Wrote dofile. [CFM-1]
        : Dofile is 'fv/Single_Cycle_Core/rtl_to_fv_map.do'.
        : Alias mapping flow is enabled.
PBS_TechMap-Datapath Postmap Operations - Elapsed_Time 2, CPU_Time 1.9496350000000149
stamp 'PBS_TechMap-Datapath Postmap Operations' being created for table 'pbs_debug'

  Total Time (Wall) |  Stage Time (Wall)  |   % (Wall)   |    Date - Time     |  Memory   | Stage
--------------------+---------------------+--------------+--------------------+-----------+----------------------
 00:00:08(00:00:05) |  00:00:00(00:00:00) |   0.0(  0.0) |    2:35:45 (May02) |  469.2 MB | PBS_Generic-Start
--------------------+---------------------+--------------+--------------------+-----------+----------------------
 00:00:41(00:00:37) |  00:00:33(00:00:32) |  41.6( 40.5) |    2:36:17 (May02) |  903.3 MB | PBS_Generic_Opt-Post
--------------------+---------------------+--------------+--------------------+-----------+----------------------
 00:00:41(00:00:37) |  00:00:00(00:00:00) |   0.0(  0.0) |    2:36:17 (May02) |  903.3 MB | PBS_Generic-Postgen HBO Optimizations
--------------------+---------------------+--------------+--------------------+-----------+----------------------
 00:00:41(00:00:38) |  00:00:00(00:00:01) |   0.0(  1.3) |    2:36:18 (May02) |  903.3 MB | PBS_TechMap-Start
--------------------+---------------------+--------------+--------------------+-----------+----------------------
 00:00:41(00:00:38) |  00:00:00(00:00:00) |   0.0(  0.0) |    2:36:18 (May02) |  903.3 MB | PBS_TechMap-Premap HBO Optimizations
--------------------+---------------------+--------------+--------------------+-----------+----------------------
 00:01:27(00:01:22) |  00:00:45(00:00:44) |  56.0( 55.7) |    2:37:02 (May02) |  874.5 MB | PBS_Techmap-Global Mapping
--------------------+---------------------+--------------+--------------------+-----------+----------------------
 00:01:28(00:01:24) |  00:00:01(00:00:02) |   2.4(  2.5) |    2:37:04 (May02) |  874.5 MB | PBS_TechMap-Datapath Postmap Operations
--------------------+---------------------+--------------+--------------------+-----------+----------------------
Number of threads: 8 * 1   (id: pbs_debug, time_info v1.57)
Info: (*N*) indicates data that was populated from previously saved time_info database
Info: CPU time includes time of parent + longest thread
PBS_TechMap-Postmap HBO Optimizations - Elapsed_Time 0, CPU_Time -0.0534110000000112
stamp 'PBS_TechMap-Postmap HBO Optimizations' being created for table 'pbs_debug'

  Total Time (Wall) |  Stage Time (Wall)  |   % (Wall)   |    Date - Time     |  Memory   | Stage
--------------------+---------------------+--------------+--------------------+-----------+----------------------
 00:00:08(00:00:05) |  00:00:00(00:00:00) |   0.0(  0.0) |    2:35:45 (May02) |  469.2 MB | PBS_Generic-Start
--------------------+---------------------+--------------+--------------------+-----------+----------------------
 00:00:41(00:00:37) |  00:00:33(00:00:32) |  41.7( 40.5) |    2:36:17 (May02) |  903.3 MB | PBS_Generic_Opt-Post
--------------------+---------------------+--------------+--------------------+-----------+----------------------
 00:00:41(00:00:37) |  00:00:00(00:00:00) |   0.0(  0.0) |    2:36:17 (May02) |  903.3 MB | PBS_Generic-Postgen HBO Optimizations
--------------------+---------------------+--------------+--------------------+-----------+----------------------
 00:00:41(00:00:38) |  00:00:00(00:00:01) |   0.0(  1.3) |    2:36:18 (May02) |  903.3 MB | PBS_TechMap-Start
--------------------+---------------------+--------------+--------------------+-----------+----------------------
 00:00:41(00:00:38) |  00:00:00(00:00:00) |   0.0(  0.0) |    2:36:18 (May02) |  903.3 MB | PBS_TechMap-Premap HBO Optimizations
--------------------+---------------------+--------------+--------------------+-----------+----------------------
 00:01:27(00:01:22) |  00:00:45(00:00:44) |  56.0( 55.7) |    2:37:02 (May02) |  874.5 MB | PBS_Techmap-Global Mapping
--------------------+---------------------+--------------+--------------------+-----------+----------------------
 00:01:28(00:01:24) |  00:00:01(00:00:02) |   2.4(  2.5) |    2:37:04 (May02) |  874.5 MB | PBS_TechMap-Datapath Postmap Operations
--------------------+---------------------+--------------+--------------------+-----------+----------------------
 00:01:28(00:01:24) |  00:00:00(00:00:00) |  -0.1(  0.0) |    2:37:04 (May02) |  874.5 MB | PBS_TechMap-Postmap HBO Optimizations
--------------------+---------------------+--------------+--------------------+-----------+----------------------
Number of threads: 8 * 1   (id: pbs_debug, time_info v1.57)
Info: (*N*) indicates data that was populated from previously saved time_info database
Info: CPU time includes time of parent + longest thread
 Doing ConstProp on design:Single_Cycle_Core ... 

Time taken by ConstProp Step: 00:00:00
PBS_TechMap-Postmap Clock Gating - Elapsed_Time 0, CPU_Time 1.0
stamp 'PBS_TechMap-Postmap Clock Gating' being created for table 'pbs_debug'

  Total Time (Wall) |  Stage Time (Wall)  |   % (Wall)   |    Date - Time     |  Memory   | Stage
--------------------+---------------------+--------------+--------------------+-----------+----------------------
 00:00:08(00:00:05) |  00:00:00(00:00:00) |   0.0(  0.0) |    2:35:45 (May02) |  469.2 MB | PBS_Generic-Start
--------------------+---------------------+--------------+--------------------+-----------+----------------------
 00:00:41(00:00:37) |  00:00:33(00:00:32) |  41.2( 40.5) |    2:36:17 (May02) |  903.3 MB | PBS_Generic_Opt-Post
--------------------+---------------------+--------------+--------------------+-----------+----------------------
 00:00:41(00:00:37) |  00:00:00(00:00:00) |   0.0(  0.0) |    2:36:17 (May02) |  903.3 MB | PBS_Generic-Postgen HBO Optimizations
--------------------+---------------------+--------------+--------------------+-----------+----------------------
 00:00:41(00:00:38) |  00:00:00(00:00:01) |   0.0(  1.3) |    2:36:18 (May02) |  903.3 MB | PBS_TechMap-Start
--------------------+---------------------+--------------+--------------------+-----------+----------------------
 00:00:41(00:00:38) |  00:00:00(00:00:00) |   0.0(  0.0) |    2:36:18 (May02) |  903.3 MB | PBS_TechMap-Premap HBO Optimizations
--------------------+---------------------+--------------+--------------------+-----------+----------------------
 00:01:27(00:01:22) |  00:00:45(00:00:44) |  55.3( 55.7) |    2:37:02 (May02) |  874.5 MB | PBS_Techmap-Global Mapping
--------------------+---------------------+--------------+--------------------+-----------+----------------------
 00:01:28(00:01:24) |  00:00:01(00:00:02) |   2.4(  2.5) |    2:37:04 (May02) |  874.5 MB | PBS_TechMap-Datapath Postmap Operations
--------------------+---------------------+--------------+--------------------+-----------+----------------------
 00:01:28(00:01:24) |  00:00:00(00:00:00) |  -0.1(  0.0) |    2:37:04 (May02) |  874.5 MB | PBS_TechMap-Postmap HBO Optimizations
--------------------+---------------------+--------------+--------------------+-----------+----------------------
 00:01:29(00:01:24) |  00:00:01(00:00:00) |   1.2(  0.0) |    2:37:04 (May02) |  874.5 MB | PBS_TechMap-Postmap Clock Gating
--------------------+---------------------+--------------+--------------------+-----------+----------------------
Number of threads: 8 * 1   (id: pbs_debug, time_info v1.57)
Info: (*N*) indicates data that was populated from previously saved time_info database
Info: CPU time includes time of parent + longest thread
-------------------------------------------------------------------------------
 hi_fo_buf                119418        0         0         0        0        0

           Trick     Calls     Accepts   Attempts    Time(secs) 
-----------------------------------------------------------
       hi_fo_buf         0  (        0 /        0 )  0.00

 
Incremental optimization status
===============================
                                   Group   
                                  Tot Wrst     Total - - - - DRC Totals - - - -
                           Total  Weighted      Neg      Max       Max     Max  
Operation                   Area   Slacks      Slack    Trans      Cap   Fanout 
 init_delay               119418        0         0         0        0        0

           Trick     Calls     Accepts   Attempts    Time(secs) 
-----------------------------------------------------------
       crit_upsz         0  (        0 /        0 )  0.00
    plc_bal_star         0  (        0 /        0 )  0.00
     drc_buftimb         0  (        0 /        0 )  0.00
          plc_st         0  (        0 /        0 )  0.00
    plc_st_fence         0  (        0 /        0 )  0.00
        plc_star         0  (        0 /        0 )  0.00
      plc_laf_st         0  (        0 /        0 )  0.00
 plc_laf_st_fence         0  (        0 /        0 )  0.00
     drc_buftims         0  (        0 /        0 )  0.00
            fopt         0  (        0 /        0 )  0.00
   plc_laf_lo_st         0  (        0 /        0 )  0.00
       plc_lo_st         0  (        0 /        0 )  0.00
        mb_split         0  (        0 /        0 )  0.00

 
Local TNS optimization status
=============================
                                   Group   
                                  Tot Wrst     Total - - - - DRC Totals - - - -
                           Total  Weighted      Neg      Max       Max     Max  
Operation                   Area   Slacks      Slack    Trans      Cap   Fanout 
 init_tns                 119418        0         0         0        0        0

           Trick     Calls     Accepts   Attempts    Time(secs) 
-----------------------------------------------------------
    plc_bal_star         0  (        0 /        0 )  0.00
     drc_buftimb         0  (        0 /        0 )  0.00
     drc_buftims         0  (        0 /        0 )  0.00
       crit_upsz         0  (        0 /        0 )  0.00
   plc_laf_lo_st         0  (        0 /        0 )  0.00
       plc_lo_st         0  (        0 /        0 )  0.00
            fopt         0  (        0 /        0 )  0.00
       crit_dnsz         0  (        0 /        0 )  0.00
             dup         0  (        0 /        0 )  0.00
        setup_dn         0  (        0 /        0 )  0.00
        mb_split         0  (        0 /        0 )  0.00

PBS_TechMap-Postmap Cleanup - Elapsed_Time 0, CPU_Time -0.04896599999999296
stamp 'PBS_TechMap-Postmap Cleanup' being created for table 'pbs_debug'

  Total Time (Wall) |  Stage Time (Wall)  |   % (Wall)   |    Date - Time     |  Memory   | Stage
--------------------+---------------------+--------------+--------------------+-----------+----------------------
 00:00:08(00:00:05) |  00:00:00(00:00:00) |   0.0(  0.0) |    2:35:45 (May02) |  469.2 MB | PBS_Generic-Start
--------------------+---------------------+--------------+--------------------+-----------+----------------------
 00:00:41(00:00:37) |  00:00:33(00:00:32) |  41.2( 40.5) |    2:36:17 (May02) |  903.3 MB | PBS_Generic_Opt-Post
--------------------+---------------------+--------------+--------------------+-----------+----------------------
 00:00:41(00:00:37) |  00:00:00(00:00:00) |   0.0(  0.0) |    2:36:17 (May02) |  903.3 MB | PBS_Generic-Postgen HBO Optimizations
--------------------+---------------------+--------------+--------------------+-----------+----------------------
 00:00:41(00:00:38) |  00:00:00(00:00:01) |   0.0(  1.3) |    2:36:18 (May02) |  903.3 MB | PBS_TechMap-Start
--------------------+---------------------+--------------+--------------------+-----------+----------------------
 00:00:41(00:00:38) |  00:00:00(00:00:00) |   0.0(  0.0) |    2:36:18 (May02) |  903.3 MB | PBS_TechMap-Premap HBO Optimizations
--------------------+---------------------+--------------+--------------------+-----------+----------------------
 00:01:27(00:01:22) |  00:00:45(00:00:44) |  55.3( 55.7) |    2:37:02 (May02) |  874.5 MB | PBS_Techmap-Global Mapping
--------------------+---------------------+--------------+--------------------+-----------+----------------------
 00:01:28(00:01:24) |  00:00:01(00:00:02) |   2.4(  2.5) |    2:37:04 (May02) |  874.5 MB | PBS_TechMap-Datapath Postmap Operations
--------------------+---------------------+--------------+--------------------+-----------+----------------------
 00:01:28(00:01:24) |  00:00:00(00:00:00) |  -0.1(  0.0) |    2:37:04 (May02) |  874.5 MB | PBS_TechMap-Postmap HBO Optimizations
--------------------+---------------------+--------------+--------------------+-----------+----------------------
 00:01:29(00:01:24) |  00:00:01(00:00:00) |   1.2(  0.0) |    2:37:04 (May02) |  874.5 MB | PBS_TechMap-Postmap Clock Gating
--------------------+---------------------+--------------+--------------------+-----------+----------------------
 00:01:29(00:01:24) |  00:00:00(00:00:00) |  -0.1(  0.0) |    2:37:04 (May02) |  874.5 MB | PBS_TechMap-Postmap Cleanup
--------------------+---------------------+--------------+--------------------+-----------+----------------------
Number of threads: 8 * 1   (id: pbs_debug, time_info v1.57)
Info: (*N*) indicates data that was populated from previously saved time_info database
Info: CPU time includes time of parent + longest thread
PBS_Techmap-Post_MBCI - Elapsed_Time 0, CPU_Time 0.0
stamp 'PBS_Techmap-Post_MBCI' being created for table 'pbs_debug'

  Total Time (Wall) |  Stage Time (Wall)  |   % (Wall)   |    Date - Time     |  Memory   | Stage
--------------------+---------------------+--------------+--------------------+-----------+----------------------
 00:00:08(00:00:05) |  00:00:00(00:00:00) |   0.0(  0.0) |    2:35:45 (May02) |  469.2 MB | PBS_Generic-Start
--------------------+---------------------+--------------+--------------------+-----------+----------------------
 00:00:41(00:00:37) |  00:00:33(00:00:32) |  41.2( 40.5) |    2:36:17 (May02) |  903.3 MB | PBS_Generic_Opt-Post
--------------------+---------------------+--------------+--------------------+-----------+----------------------
 00:00:41(00:00:37) |  00:00:00(00:00:00) |   0.0(  0.0) |    2:36:17 (May02) |  903.3 MB | PBS_Generic-Postgen HBO Optimizations
--------------------+---------------------+--------------+--------------------+-----------+----------------------
 00:00:41(00:00:38) |  00:00:00(00:00:01) |   0.0(  1.3) |    2:36:18 (May02) |  903.3 MB | PBS_TechMap-Start
--------------------+---------------------+--------------+--------------------+-----------+----------------------
 00:00:41(00:00:38) |  00:00:00(00:00:00) |   0.0(  0.0) |    2:36:18 (May02) |  903.3 MB | PBS_TechMap-Premap HBO Optimizations
--------------------+---------------------+--------------+--------------------+-----------+----------------------
 00:01:27(00:01:22) |  00:00:45(00:00:44) |  55.3( 55.7) |    2:37:02 (May02) |  874.5 MB | PBS_Techmap-Global Mapping
--------------------+---------------------+--------------+--------------------+-----------+----------------------
 00:01:28(00:01:24) |  00:00:01(00:00:02) |   2.4(  2.5) |    2:37:04 (May02) |  874.5 MB | PBS_TechMap-Datapath Postmap Operations
--------------------+---------------------+--------------+--------------------+-----------+----------------------
 00:01:28(00:01:24) |  00:00:00(00:00:00) |  -0.1(  0.0) |    2:37:04 (May02) |  874.5 MB | PBS_TechMap-Postmap HBO Optimizations
--------------------+---------------------+--------------+--------------------+-----------+----------------------
 00:01:29(00:01:24) |  00:00:01(00:00:00) |   1.2(  0.0) |    2:37:04 (May02) |  874.5 MB | PBS_TechMap-Postmap Clock Gating
--------------------+---------------------+--------------+--------------------+-----------+----------------------
 00:01:29(00:01:24) |  00:00:00(00:00:00) |  -0.1(  0.0) |    2:37:04 (May02) |  874.5 MB | PBS_TechMap-Postmap Cleanup
--------------------+---------------------+--------------+--------------------+-----------+----------------------
 00:01:29(00:01:24) |  00:00:00(00:00:00) |   0.0(  0.0) |    2:37:04 (May02) |  874.5 MB | PBS_Techmap-Post_MBCI
--------------------+---------------------+--------------+--------------------+-----------+----------------------
Number of threads: 8 * 1   (id: pbs_debug, time_info v1.57)
Info: (*N*) indicates data that was populated from previously saved time_info database
Info: CPU time includes time of parent + longest thread
##>=================== Cadence Confidential (Mapping-Logical) ===================
##>Main Thread Summary:
##>----------------------------------------------------------------------------------------
##>STEP                           Elapsed       WNS       TNS     Insts      Area    Memory
##>----------------------------------------------------------------------------------------
##>M:Initial                            0         -         -     11237    321194       903
##>M:Pre Cleanup                        0         -         -     11237    321194       903
##>M:Setup                              0         -         -         -         -         -
##>M:Launch ST                          0         -         -         -         -         -
##>M:Design Partition                   0         -         -         -         -         -
##>M:Create Partition Netlists          0         -         -         -         -         -
##>M:Init Power                         0         -         -         -         -         -
##>M:Budgeting                          0         -         -         -         -         -
##>M:Derenv-DB                          0         -         -         -         -         -
##>M:Debug Outputs                      0         -         -         -         -         -
##>M:ST loading                         0         -         -         -         -         -
##>M:Distributed                        0         -         -         -         -         -
##>M:Timer                              0         -         -         -         -         -
##>M:Assembly                           0         -         -         -         -         -
##>M:DFT                                0         -         -         -         -         -
##>M:DP Operations                      2         -         -      4316    119467       874
##>M:Const Prop                         0       742         0      4316    119467       874
##>M:Cleanup                            0       743         0      4315    119417       874
##>M:MBCI                               0         -         -      4315    119417       874
##>M:Const Gate Removal                 0         -         -         -         -         -
##>M:Misc                              44
##>----------------------------------------------------------------------------------------
##>Total Elapsed                       46
##>========================================================================================
Info    : Done mapping. [SYNTH-5]
        : Done mapping 'Single_Cycle_Core'.
      flow.cputime  flow.realtime  timing.setup.tns  timing.setup.wns  snapshot
UM:*                                                                   syn_map
@file(run_dft_core.tcl) 32: syn_opt
Info    : Incrementally optimizing. [SYNTH-7]
        : Incrementally optimizing 'Single_Cycle_Core' using 'high' effort.
 
Incremental optimization status
===============================
                                   Group   
                                  Tot Wrst     Total - - - - DRC Totals - - - -
                           Total  Weighted      Neg      Max       Max     Max  
Operation                   Area   Slacks      Slack    Trans      Cap   Fanout 
 init_iopt                119418        0         0         0        0        0
-------------------------------------------------------------------------------
 const_prop               119418        0         0         0        0        0
 simp_cc_inputs           119325        0         0         0        0        0
-------------------------------------------------------------------------------
 hi_fo_buf                119325        0         0         0        0        0

           Trick     Calls     Accepts   Attempts    Time(secs) 
-----------------------------------------------------------
       hi_fo_buf         0  (        0 /        0 )  0.00

 
Incremental optimization status
===============================
                                   Group   
                                  Tot Wrst     Total - - - - DRC Totals - - - -
                           Total  Weighted      Neg      Max       Max     Max  
Operation                   Area   Slacks      Slack    Trans      Cap   Fanout 
 init_delay               119325        0         0         0        0        0

           Trick     Calls     Accepts   Attempts    Time(secs) 
-----------------------------------------------------------
        crit_msz         0  (        0 /        0 )  0.00
       crit_upsz         0  (        0 /        0 )  0.00
       crit_slew         0  (        0 /        0 )  0.00
        setup_dn         0  (        0 /        0 )  0.00
    plc_bal_star         0  (        0 /        0 )  0.00
     drc_buftimb         0  (        0 /        0 )  0.00
          plc_st         0  (        0 /        0 )  0.00
    plc_st_fence         0  (        0 /        0 )  0.00
        plc_star         0  (        0 /        0 )  0.00
      plc_laf_st         0  (        0 /        0 )  0.00
 plc_laf_st_fence         0  (        0 /        0 )  0.00
     drc_buftims         0  (        0 /        0 )  0.00
   plc_laf_lo_st         0  (        0 /        0 )  0.00
       plc_lo_st         0  (        0 /        0 )  0.00
            fopt         0  (        0 /        0 )  0.00
       crit_swap         0  (        0 /        0 )  0.00
       mux2_swap         0  (        0 /        0 )  0.00
       crit_dnsz         0  (        0 /        0 )  0.00
       load_swap         0  (        0 /        0 )  0.00
            fopt         0  (        0 /        0 )  0.00
        setup_dn         0  (        0 /        0 )  0.00
       load_isol         0  (        0 /        0 )  0.00
       load_isol         0  (        0 /        0 )  0.00
        move_for         0  (        0 /        0 )  0.00
        move_for         0  (        0 /        0 )  0.00
          rem_bi         0  (        0 /        0 )  0.00
         offload         0  (        0 /        0 )  0.00
          rem_bi         0  (        0 /        0 )  0.00
         offload         0  (        0 /        0 )  0.00
           phase         0  (        0 /        0 )  0.00
        in_phase         0  (        0 /        0 )  0.00
       merge_bit         0  (        0 /        0 )  0.00
     merge_idrvr         0  (        0 /        0 )  0.00
     merge_iload         0  (        0 /        0 )  0.00
    merge_idload         0  (        0 /        0 )  0.00
      merge_drvr         0  (        0 /        0 )  0.00
      merge_load         0  (        0 /        0 )  0.00
          decomp         0  (        0 /        0 )  0.00
        p_decomp         0  (        0 /        0 )  0.00
        levelize         0  (        0 /        0 )  0.00
        mb_split         0  (        0 /        0 )  0.00
             dup         0  (        0 /        0 )  0.00
      mux_retime         0  (        0 /        0 )  0.00
         buf2inv         0  (        0 /        0 )  0.00
             exp         0  (        0 /        0 )  0.00
       gate_deco         0  (        0 /        0 )  0.00
       gcomp_tim         0  (        0 /        0 )  0.00
  inv_pair_2_buf         0  (        0 /        0 )  0.00


           Trick     Calls     Accepts   Attempts    Time(secs) 
-----------------------------------------------------------
         crr_220         0  (        0 /        0 )  0.00
        crr_glob         0  (        0 /        0 )  0.00
         crr_200         0  (        0 /        0 )  0.00
        crr_glob         0  (        0 /        0 )  0.00
         crr_300         0  (        0 /        0 )  0.00
        crr_glob         0  (        0 /        0 )  0.00
         crr_400         0  (        0 /        0 )  0.00
        crr_glob         0  (        0 /        0 )  0.00
         crr_111         0  (        0 /        0 )  0.00
        crr_glob         0  (        0 /        0 )  0.00
         crr_210         0  (        0 /        0 )  0.00
        crr_glob         0  (        0 /        0 )  0.00
         crr_110         0  (        0 /        0 )  0.00
        crr_glob         0  (        0 /        0 )  0.00
         crr_101         0  (        0 /        0 )  0.00
        crr_glob         0  (        0 /        0 )  0.00
         crr_201         0  (        0 /        0 )  0.00
        crr_glob         0  (        0 /        0 )  0.00
         crr_211         0  (        0 /        0 )  0.00
        crr_glob         0  (        0 /        0 )  0.00
        crit_msz         0  (        0 /        0 )  0.00
       crit_upsz         0  (        0 /        0 )  0.00
       crit_slew         0  (        0 /        0 )  0.00
        setup_dn         0  (        0 /        0 )  0.00
    plc_bal_star         0  (        0 /        0 )  0.00
     drc_buftimb         0  (        0 /        0 )  0.00
          plc_st         0  (        0 /        0 )  0.00
    plc_st_fence         0  (        0 /        0 )  0.00
        plc_star         0  (        0 /        0 )  0.00
      plc_laf_st         0  (        0 /        0 )  0.00
 plc_laf_st_fence         0  (        0 /        0 )  0.00
     drc_buftims         0  (        0 /        0 )  0.00
       plc_lo_st         0  (        0 /        0 )  0.00
            fopt         0  (        0 /        0 )  0.00
       crit_swap         0  (        0 /        0 )  0.00
       mux2_swap         0  (        0 /        0 )  0.00
       crit_dnsz         0  (        0 /        0 )  0.00
       load_swap         0  (        0 /        0 )  0.00
            fopt         0  (        0 /        0 )  0.00
        setup_dn         0  (        0 /        0 )  0.00
       load_isol         0  (        0 /        0 )  0.00
       load_isol         0  (        0 /        0 )  0.00
        move_for         0  (        0 /        0 )  0.00
        move_for         0  (        0 /        0 )  0.00
          rem_bi         0  (        0 /        0 )  0.00
         offload         0  (        0 /        0 )  0.00
          rem_bi         0  (        0 /        0 )  0.00
         offload         0  (        0 /        0 )  0.00
       merge_bit         0  (        0 /        0 )  0.00
     merge_idrvr         0  (        0 /        0 )  0.00
     merge_iload         0  (        0 /        0 )  0.00
    merge_idload         0  (        0 /        0 )  0.00
      merge_drvr         0  (        0 /        0 )  0.00
      merge_load         0  (        0 /        0 )  0.00
           phase         0  (        0 /        0 )  0.00
          decomp         0  (        0 /        0 )  0.00
        p_decomp         0  (        0 /        0 )  0.00
        levelize         0  (        0 /        0 )  0.00
        mb_split         0  (        0 /        0 )  0.00
        in_phase         0  (        0 /        0 )  0.00
             dup         0  (        0 /        0 )  0.00
      mux_retime         0  (        0 /        0 )  0.00
         buf2inv         0  (        0 /        0 )  0.00
             exp         0  (        0 /        0 )  0.00
       gate_deco         0  (        0 /        0 )  0.00
       gcomp_tim         0  (        0 /        0 )  0.00
  inv_pair_2_buf         0  (        0 /        0 )  0.00
 init_drc                 119325        0         0         0        0        0

           Trick     Calls     Accepts   Attempts    Time(secs) 
-----------------------------------------------------------
          plc_st         0  (        0 /        0 )  0.00
        plc_star         0  (        0 /        0 )  0.00
        drc_bufs         0  (        0 /        0 )  0.00
        drc_fopt         0  (        0 /        0 )  0.00
        drc_bufb         0  (        0 /        0 )  0.00
      simple_buf         0  (        0 /        0 )  0.00
             dup         0  (        0 /        0 )  0.00
       crit_dnsz         0  (        0 /        0 )  0.00
       crit_upsz         0  (        0 /        0 )  0.00
       crit_slew         0  (        0 /        0 )  0.00


           Trick     Calls     Accepts   Attempts    Time(secs) 
-----------------------------------------------------------
          plc_st         0  (        0 /        0 )  0.00
        plc_star         0  (        0 /        0 )  0.00
      drc_buf_sp         0  (        0 /        0 )  0.00
        drc_bufs         0  (        0 /        0 )  0.00
        drc_fopt         0  (        0 /        0 )  0.00
        drc_bufb         0  (        0 /        0 )  0.00
      simple_buf         0  (        0 /        0 )  0.00
             dup         0  (        0 /        0 )  0.00
       crit_dnsz         0  (        0 /        0 )  0.00
       crit_upsz         0  (        0 /        0 )  0.00


           Trick     Calls     Accepts   Attempts    Time(secs) 
-----------------------------------------------------------
          plc_st         0  (        0 /        0 )  0.00
        plc_star         0  (        0 /        0 )  0.00
      drc_buf_sp         0  (        0 /        0 )  0.00
        drc_bufs         0  (        0 /        0 )  0.00
        drc_fopt         0  (        0 /        0 )  0.00
        drc_bufb         0  (        0 /        0 )  0.00
             dup         0  (        0 /        0 )  0.00
       crit_dnsz         0  (        0 /        0 )  0.00
       crit_upsz         0  (        0 /        0 )  0.00

 init_tns                 119325        0         0         0        0        0

           Trick     Calls     Accepts   Attempts    Time(secs) 
-----------------------------------------------------------
            fopt         0  (        0 /        0 )  0.00
    plc_bal_star         0  (        0 /        0 )  0.00
     drc_buftimb         0  (        0 /        0 )  0.00
     drc_buftims         0  (        0 /        0 )  0.00
        crit_msz         0  (        0 /        0 )  0.00
       crit_upsz         0  (        0 /        0 )  0.00
   plc_laf_lo_st         0  (        0 /        0 )  0.00
       plc_lo_st         0  (        0 /        0 )  0.00
       crit_swap         0  (        0 /        0 )  0.00
       mux2_swap         0  (        0 /        0 )  0.00
       crit_dnsz         0  (        0 /        0 )  0.00
       load_swap         0  (        0 /        0 )  0.00
            fopt         0  (        0 /        0 )  0.00
        setup_dn         0  (        0 /        0 )  0.00
       load_isol         0  (        0 /        0 )  0.00
       load_isol         0  (        0 /        0 )  0.00
        move_for         0  (        0 /        0 )  0.00
        move_for         0  (        0 /        0 )  0.00
          rem_bi         0  (        0 /        0 )  0.00
         offload         0  (        0 /        0 )  0.00
          rem_bi         0  (        0 /        0 )  0.00
         offload         0  (        0 /        0 )  0.00
       merge_bit         0  (        0 /        0 )  0.00
     merge_idrvr         0  (        0 /        0 )  0.00
     merge_iload         0  (        0 /        0 )  0.00
    merge_idload         0  (        0 /        0 )  0.00
      merge_drvr         0  (        0 /        0 )  0.00
      merge_load         0  (        0 /        0 )  0.00
           phase         0  (        0 /        0 )  0.00
          decomp         0  (        0 /        0 )  0.00
        p_decomp         0  (        0 /        0 )  0.00
        levelize         0  (        0 /        0 )  0.00
        mb_split         0  (        0 /        0 )  0.00
             dup         0  (        0 /        0 )  0.00
      mux_retime         0  (        0 /        0 )  0.00
       crr_local         0  (        0 /        0 )  0.00
         buf2inv         0  (        0 /        0 )  0.00

 init_area                119325        0         0         0        0        0
 undup                    119305        0         0         0        0        0
 rem_buf                  118842        0         0         0        0        0
 rem_inv                  118766        0         0         0        0        0
 merge_bi                 118566        0         0         0        0        0
 io_phase                 118560        0         0         0        0        0
 gate_comp                118543        0         0         0        0        0
 glob_area                118110        0         0         0        0        0
 area_down                118051        0         0         0        0        0

           Trick     Calls     Accepts   Attempts    Time(secs) 
-----------------------------------------------------------
           undup         2  (        2 /        2 )  0.01
         rem_buf        29  (       29 /       29 )  0.09
         rem_inv       145  (       10 /       10 )  0.20
        merge_bi        46  (       30 /       30 )  0.12
      rem_inv_qb         0  (        0 /        0 )  0.00
    seq_res_area        13  (        0 /        0 )  18.73
        io_phase         8  (        2 /        2 )  0.02
       gate_comp       170  (        2 /        2 )  0.53
       gcomp_mog        40  (        0 /        0 )  0.24
       glob_area        81  (       34 /       81 )  0.26
       area_down        39  (        7 /        8 )  0.16
      size_n_buf         0  (        0 /        0 )  0.02
  gate_deco_area         0  (        0 /        0 )  0.00
         rem_buf         0  (        0 /        0 )  0.00
         rem_inv       134  (        0 /        0 )  0.15
        merge_bi        16  (        0 /        0 )  0.03
      rem_inv_qb         0  (        0 /        0 )  0.00

 
Incremental optimization status
===============================
                                   Group   
                                  Tot Wrst     Total - - - - DRC Totals - - - -
                           Total  Weighted      Neg      Max       Max     Max  
Operation                   Area   Slacks      Slack    Trans      Cap   Fanout 
 init_delay               118051        0         0         0        0        0

           Trick     Calls     Accepts   Attempts    Time(secs) 
-----------------------------------------------------------
         crr_220         0  (        0 /        0 )  0.00
        crr_glob         0  (        0 /        0 )  0.00
         crr_200         0  (        0 /        0 )  0.00
        crr_glob         0  (        0 /        0 )  0.00
         crr_300         0  (        0 /        0 )  0.00
        crr_glob         0  (        0 /        0 )  0.00
         crr_400         0  (        0 /        0 )  0.00
        crr_glob         0  (        0 /        0 )  0.00
         crr_111         0  (        0 /        0 )  0.00
        crr_glob         0  (        0 /        0 )  0.00
         crr_210         0  (        0 /        0 )  0.00
        crr_glob         0  (        0 /        0 )  0.00
         crr_110         0  (        0 /        0 )  0.00
        crr_glob         0  (        0 /        0 )  0.00
         crr_101         0  (        0 /        0 )  0.00
        crr_glob         0  (        0 /        0 )  0.00
         crr_201         0  (        0 /        0 )  0.00
        crr_glob         0  (        0 /        0 )  0.00
         crr_211         0  (        0 /        0 )  0.00
        crr_glob         0  (        0 /        0 )  0.00
        crit_msz         0  (        0 /        0 )  0.00
       crit_upsz         0  (        0 /        0 )  0.00
       crit_slew         0  (        0 /        0 )  0.00
        setup_dn         0  (        0 /        0 )  0.00
    plc_bal_star         0  (        0 /        0 )  0.00
     drc_buftimb         0  (        0 /        0 )  0.00
          plc_st         0  (        0 /        0 )  0.00
    plc_st_fence         0  (        0 /        0 )  0.00
        plc_star         0  (        0 /        0 )  0.00
      plc_laf_st         0  (        0 /        0 )  0.00
 plc_laf_st_fence         0  (        0 /        0 )  0.00
     drc_buftims         0  (        0 /        0 )  0.00
       plc_lo_st         0  (        0 /        0 )  0.00
            fopt         0  (        0 /        0 )  0.00
       crit_swap         0  (        0 /        0 )  0.00
       mux2_swap         0  (        0 /        0 )  0.00
       crit_dnsz         0  (        0 /        0 )  0.00
       load_swap         0  (        0 /        0 )  0.00
            fopt         0  (        0 /        0 )  0.00
        setup_dn         0  (        0 /        0 )  0.00
       load_isol         0  (        0 /        0 )  0.00
       load_isol         0  (        0 /        0 )  0.00
        move_for         0  (        0 /        0 )  0.00
        move_for         0  (        0 /        0 )  0.00
          rem_bi         0  (        0 /        0 )  0.00
         offload         0  (        0 /        0 )  0.00
          rem_bi         0  (        0 /        0 )  0.00
         offload         0  (        0 /        0 )  0.00
       merge_bit         0  (        0 /        0 )  0.00
     merge_idrvr         0  (        0 /        0 )  0.00
     merge_iload         0  (        0 /        0 )  0.00
    merge_idload         0  (        0 /        0 )  0.00
      merge_drvr         0  (        0 /        0 )  0.00
      merge_load         0  (        0 /        0 )  0.00
           phase         0  (        0 /        0 )  0.00
          decomp         0  (        0 /        0 )  0.00
        p_decomp         0  (        0 /        0 )  0.00
        levelize         0  (        0 /        0 )  0.00
        mb_split         0  (        0 /        0 )  0.00
        in_phase         0  (        0 /        0 )  0.00
             dup         0  (        0 /        0 )  0.00
      mux_retime         0  (        0 /        0 )  0.00
         buf2inv         0  (        0 /        0 )  0.00
             exp         0  (        0 /        0 )  0.00
       gate_deco         0  (        0 /        0 )  0.00
       gcomp_tim         0  (        0 /        0 )  0.00
  inv_pair_2_buf         0  (        0 /        0 )  0.00
 init_drc                 118051        0         0         0        0        0

           Trick     Calls     Accepts   Attempts    Time(secs) 
-----------------------------------------------------------
          plc_st         0  (        0 /        0 )  0.00
        plc_star         0  (        0 /        0 )  0.00
        drc_bufs         0  (        0 /        0 )  0.00
        drc_fopt         0  (        0 /        0 )  0.00
        drc_bufb         0  (        0 /        0 )  0.00
      simple_buf         0  (        0 /        0 )  0.00
             dup         0  (        0 /        0 )  0.00
       crit_dnsz         0  (        0 /        0 )  0.00
       crit_upsz         0  (        0 /        0 )  0.00
       crit_slew         0  (        0 /        0 )  0.00


           Trick     Calls     Accepts   Attempts    Time(secs) 
-----------------------------------------------------------
          plc_st         0  (        0 /        0 )  0.00
        plc_star         0  (        0 /        0 )  0.00
        drc_bufs         0  (        0 /        0 )  0.00
        drc_fopt         0  (        0 /        0 )  0.00
        drc_bufb         0  (        0 /        0 )  0.00
      simple_buf         0  (        0 /        0 )  0.00
             dup         0  (        0 /        0 )  0.00
       crit_dnsz         0  (        0 /        0 )  0.00
       crit_upsz         0  (        0 /        0 )  0.00


           Trick     Calls     Accepts   Attempts    Time(secs) 
-----------------------------------------------------------
          plc_st         0  (        0 /        0 )  0.00
        plc_star         0  (        0 /        0 )  0.00
        drc_bufs         0  (        0 /        0 )  0.00
        drc_fopt         0  (        0 /        0 )  0.00
        drc_bufb         0  (        0 /        0 )  0.00
             dup         0  (        0 /        0 )  0.00
       crit_dnsz         0  (        0 /        0 )  0.00
       crit_upsz         0  (        0 /        0 )  0.00

 init_tns                 118051        0         0         0        0        0

           Trick     Calls     Accepts   Attempts    Time(secs) 
-----------------------------------------------------------
            fopt         0  (        0 /        0 )  0.00
    plc_bal_star         0  (        0 /        0 )  0.00
     drc_buftimb         0  (        0 /        0 )  0.00
     drc_buftims         0  (        0 /        0 )  0.00
        crit_msz         0  (        0 /        0 )  0.00
       crit_upsz         0  (        0 /        0 )  0.00
   plc_laf_lo_st         0  (        0 /        0 )  0.00
       plc_lo_st         0  (        0 /        0 )  0.00
       crit_swap         0  (        0 /        0 )  0.00
       mux2_swap         0  (        0 /        0 )  0.00
       crit_dnsz         0  (        0 /        0 )  0.00
       load_swap         0  (        0 /        0 )  0.00
            fopt         0  (        0 /        0 )  0.00
        setup_dn         0  (        0 /        0 )  0.00
       load_isol         0  (        0 /        0 )  0.00
       load_isol         0  (        0 /        0 )  0.00
        move_for         0  (        0 /        0 )  0.00
        move_for         0  (        0 /        0 )  0.00
          rem_bi         0  (        0 /        0 )  0.00
         offload         0  (        0 /        0 )  0.00
          rem_bi         0  (        0 /        0 )  0.00
         offload         0  (        0 /        0 )  0.00
       merge_bit         0  (        0 /        0 )  0.00
     merge_idrvr         0  (        0 /        0 )  0.00
     merge_iload         0  (        0 /        0 )  0.00
    merge_idload         0  (        0 /        0 )  0.00
      merge_drvr         0  (        0 /        0 )  0.00
      merge_load         0  (        0 /        0 )  0.00
           phase         0  (        0 /        0 )  0.00
          decomp         0  (        0 /        0 )  0.00
        p_decomp         0  (        0 /        0 )  0.00
        levelize         0  (        0 /        0 )  0.00
        mb_split         0  (        0 /        0 )  0.00
             dup         0  (        0 /        0 )  0.00
      mux_retime         0  (        0 /        0 )  0.00
       crr_local         0  (        0 /        0 )  0.00
         buf2inv         0  (        0 /        0 )  0.00

 init_area                118051        0         0         0        0        0
 undup                    118037        0         0         0        0        0
 glob_area                118031        0         0         0        0        0
 area_down                118027        0         0         0        0        0

           Trick     Calls     Accepts   Attempts    Time(secs) 
-----------------------------------------------------------
           undup         1  (        1 /        1 )  0.01
         rem_buf         0  (        0 /        0 )  0.00
         rem_inv       134  (        0 /        0 )  0.16
        merge_bi        16  (        0 /        0 )  0.03
      rem_inv_qb         0  (        0 /        0 )  0.00
        io_phase         6  (        0 /        0 )  0.01
       gate_comp       168  (        0 /        0 )  0.51
       gcomp_mog        40  (        0 /        0 )  0.23
       glob_area        65  (        2 /       65 )  0.22
       area_down        36  (        1 /        1 )  0.10
      size_n_buf         0  (        0 /        0 )  0.02
  gate_deco_area         0  (        0 /        0 )  0.00

 
Incremental optimization status
===============================
                                   Group   
                                  Tot Wrst     Total - - - - DRC Totals - - - -
                           Total  Weighted      Neg      Max       Max     Max  
Operation                   Area   Slacks      Slack    Trans      Cap   Fanout 
 init_delay               118027        0         0         0        0        0

           Trick     Calls     Accepts   Attempts    Time(secs) 
-----------------------------------------------------------
        crit_msz         0  (        0 /        0 )  0.00
       crit_upsz         0  (        0 /        0 )  0.00
       crit_slew         0  (        0 /        0 )  0.00
        setup_dn         0  (        0 /        0 )  0.00
    plc_bal_star         0  (        0 /        0 )  0.00
     drc_buftimb         0  (        0 /        0 )  0.00
          plc_st         0  (        0 /        0 )  0.00
    plc_st_fence         0  (        0 /        0 )  0.00
        plc_star         0  (        0 /        0 )  0.00
      plc_laf_st         0  (        0 /        0 )  0.00
 plc_laf_st_fence         0  (        0 /        0 )  0.00
     drc_buftims         0  (        0 /        0 )  0.00
   plc_laf_lo_st         0  (        0 /        0 )  0.00
       plc_lo_st         0  (        0 /        0 )  0.00
            fopt         0  (        0 /        0 )  0.00
       crit_swap         0  (        0 /        0 )  0.00
       mux2_swap         0  (        0 /        0 )  0.00
       crit_dnsz         0  (        0 /        0 )  0.00
       load_swap         0  (        0 /        0 )  0.00
            fopt         0  (        0 /        0 )  0.00
        setup_dn         0  (        0 /        0 )  0.00
       load_isol         0  (        0 /        0 )  0.00
       load_isol         0  (        0 /        0 )  0.00
        move_for         0  (        0 /        0 )  0.00
        move_for         0  (        0 /        0 )  0.00
          rem_bi         0  (        0 /        0 )  0.00
         offload         0  (        0 /        0 )  0.00
          rem_bi         0  (        0 /        0 )  0.00
         offload         0  (        0 /        0 )  0.00
           phase         0  (        0 /        0 )  0.00
        in_phase         0  (        0 /        0 )  0.00
       merge_bit         0  (        0 /        0 )  0.00
     merge_idrvr         0  (        0 /        0 )  0.00
     merge_iload         0  (        0 /        0 )  0.00
    merge_idload         0  (        0 /        0 )  0.00
      merge_drvr         0  (        0 /        0 )  0.00
      merge_load         0  (        0 /        0 )  0.00
          decomp         0  (        0 /        0 )  0.00
        p_decomp         0  (        0 /        0 )  0.00
        levelize         0  (        0 /        0 )  0.00
        mb_split         0  (        0 /        0 )  0.00
             dup         0  (        0 /        0 )  0.00
      mux_retime         0  (        0 /        0 )  0.00
         buf2inv         0  (        0 /        0 )  0.00
             exp         0  (        0 /        0 )  0.00
       gate_deco         0  (        0 /        0 )  0.00
       gcomp_tim         0  (        0 /        0 )  0.00
  inv_pair_2_buf         0  (        0 /        0 )  0.00

 init_drc                 118027        0         0         0        0        0

           Trick     Calls     Accepts   Attempts    Time(secs) 
-----------------------------------------------------------
          plc_st         0  (        0 /        0 )  0.00
        plc_star         0  (        0 /        0 )  0.00
        drc_bufs         0  (        0 /        0 )  0.00
        drc_fopt         0  (        0 /        0 )  0.00
        drc_bufb         0  (        0 /        0 )  0.00
      simple_buf         0  (        0 /        0 )  0.00
             dup         0  (        0 /        0 )  0.00
       crit_dnsz         0  (        0 /        0 )  0.00
       crit_upsz         0  (        0 /        0 )  0.00
       crit_slew         0  (        0 /        0 )  0.00


           Trick     Calls     Accepts   Attempts    Time(secs) 
-----------------------------------------------------------
          plc_st         0  (        0 /        0 )  0.00
        plc_star         0  (        0 /        0 )  0.00
        drc_bufs         0  (        0 /        0 )  0.00
        drc_fopt         0  (        0 /        0 )  0.00
        drc_bufb         0  (        0 /        0 )  0.00
      simple_buf         0  (        0 /        0 )  0.00
             dup         0  (        0 /        0 )  0.00
       crit_dnsz         0  (        0 /        0 )  0.00
       crit_upsz         0  (        0 /        0 )  0.00


           Trick     Calls     Accepts   Attempts    Time(secs) 
-----------------------------------------------------------
          plc_st         0  (        0 /        0 )  0.00
        plc_star         0  (        0 /        0 )  0.00
        drc_bufs         0  (        0 /        0 )  0.00
        drc_fopt         0  (        0 /        0 )  0.00
        drc_bufb         0  (        0 /        0 )  0.00
             dup         0  (        0 /        0 )  0.00
       crit_dnsz         0  (        0 /        0 )  0.00
       crit_upsz         0  (        0 /        0 )  0.00

==================================
Stage : incr_opt 
==================================
  =================
   Message Summary
  =================
--------------------------------------------------------------------------------
|   Id    |  Sev   |Count |                   Message Text                     |
--------------------------------------------------------------------------------
| CFM-1   |Info    |    1 |Wrote dofile.                                       |
| CFM-5   |Info    |    1 |Wrote formal verification information.              |
| CFM-655 |Warning |    1 |Writing DFT constraints in the dofile.              |
|         |        |      |Carefully review the constraints to ensure that     |
|         |        |      | functional logic is not excluded from              |
|         |        |      | verification.                                      |
| CPI-506 |Warning |    1 |Command 'commit_power_intent' cannot proceed as     |
|         |        |      | there is no power intent loaded.                   |
| DFT-100 |Info    |    1 |Added DFT object.                                   |
| GLO-51  |Info    |    2 |Hierarchical instance automatically ungrouped.      |
|         |        |      |Hierarchical instances can be automatically         |
|         |        |      | ungrouped to allow for better area or timing       |
|         |        |      | optimization. To prevent this ungroup, set the     |
|         |        |      | root-level attribute 'auto_ungroup' to 'none'. You |
|         |        |      | can also prevent individual ungroup with setting   |
|         |        |      | the attribute 'ungroup_ok' of instances or modules |
|         |        |      | to 'false'.                                        |
| PA-7    |Info    |    4 |Resetting power analysis results.                   |
|         |        |      |All computed switching activities are removed.      |
| SYNTH-5 |Info    |    1 |Done mapping.                                       |
| SYNTH-7 |Info    |    1 |Incrementally optimizing.                           |
--------------------------------------------------------------------------------
Info    : Done incrementally optimizing. [SYNTH-8]
        : Done incrementally optimizing 'Single_Cycle_Core'.
      flow.cputime  flow.realtime  timing.setup.tns  timing.setup.wns  snapshot
UM:*                                                                   syn_opt
@file(run_dft_core.tcl) 36: set_db [get_db designs *] .dft_min_number_of_scan_chains 1
  Setting attribute of design 'Single_Cycle_Core': 'dft_min_number_of_scan_chains' = 1
@file(run_dft_core.tcl) 39: define_scan_chain -name top_chain -sdi scan_in -sdo scan_out -create_ports
@file(run_dft_core.tcl) 42: connect_scan_chains -auto_create_chains
Warning : TDRC data not available. [DFT-307]
        : Run 'check_dft_rules' before attempting scan chain connection
        : Test Design Rule Check (TDRC) data is not available.  Either check_dft_rules has not been run or some other operation has caused TDRC data to be invalidated, for example, netlist changes, modification of test clocks or signals, etc.
#@ End verbose source ./run_dft_core.tcl
Failed on connect_scan_chains
Encountered problems processing file: run_dft_core.tcl
WARNING: This version of the tool is 1408 days old.
@genus:root: 2> 
@genus:root: 2> exit

Lic Summary:
[02:47:40.382443] Cdslmd servers: DESKTOP-14SB65S
[02:47:40.382456] Feature usage summary:
[02:47:40.382456] Genus_Synthesis

Normal exit.