                          CONFORMAL (R)
                   Version 21.10-s300 (22-Aug-2021) (64 bit executable)
   Copyright (c) Cadence Design Systems, Inc., 1997-2021. All Rights Reserved


This program is proprietary and confidential information belonging to
Cadence Design Systems, Inc., and may be used and disclosed only as authorized
in a license agreement controlling such use and disclosure.

// Warning: This version is 1713 days old. You can download the latest version from http://downloads.cadence.com.

// Command: read library /home/student/ANUPAM/Fresh_GPDK180/slow.lib ../Memory_Macros/sram_32x64_180nm_TT_5p0V_25C.lib -liberty -both
// Parsing file /home/student/ANUPAM/Fresh_GPDK180/slow.lib ...
// Parsing file ../Memory_Macros/sram_32x64_180nm_TT_5p0V_25C.lib ...
// Warning: (RTL9.17) Cell doesn't have any output pins or all output pins are undriven (blackboxed) (occurrence:1)
// Note: Read Liberty library successfully
CPU time     : 0.20    seconds
Elapse time  : 0       seconds
Memory usage : 91.03   M bytes
// Command: read library /home/student/ANUPAM/Fresh_GPDK180/slow_vdd1v0_basicCells.v ../GLS/patch.v -verilog -both -append
// Parsing file /home/student/ANUPAM/Fresh_GPDK180/slow_vdd1v0_basicCells.v ...
// Parsing file ../GLS/patch.v ...
// Warning: (RTL9.17) Cell doesn't have any output pins or all output pins are undriven (blackboxed) (occurrence:1)
// Warning: (RTL14.1) Fanout load of the signal is removed (occurrence:29)
// Warning: (VLG5.5) Internal primitive is recognized (occurrence:29)
// Warning: (VLG5.6) Named port association is ignored for primitive gate (occurrence:29)
// Warning: (IGN3.2) Duplicate modules/entities are detected. Subsequent modules/entities are ignored (occurrence:354)
// Warning: (IGN4) Attribute instance(s) are ignored (occurrence:2)
// Warning: (IGN7.1) trireg net is modeled as a latch to hold value (occurrence:1)
// Warning: (HRC1.4) Module/entity is empty (blackboxed) (occurrence:1)
// Note: (HRC3.5b) Open output port connection is detected (occurrence:16)
// Warning: (HRC3.10b) An input port is declared, but it is not used. Module is empty (occurrence:1)
// Note: Read VERILOG library successfully
// Command: read design ../Synthesis/core_netlist.v -verilog -golden
// Parsing file ../Synthesis/core_netlist.v ...
// Golden root module is set to 'Single_Cycle_Core'
// Warning: (RTL2.5) Net is referenced without an assignment. Design verification will be based on set_undriven_signal setting (occurrence:30)
// Warning: (RTL14) Signal has input but it has no output (occurrence:54)
// Warning: (HRC3.10a) An input port is declared, but it is not completely used in the module (occurrence:60)
// Note: Read VERILOG design successfully
CPU time     : 0.36    seconds
Elapse time  : 0       seconds
Memory usage : 110.70  M bytes
// Command: set root module Single_Cycle_Core -golden
// Warning: Golden root module is already at 'Single_Cycle_Core'
// Command: read design ../DFT/core_dft_netlist.v -verilog -revised
// Parsing file ../DFT/core_dft_netlist.v ...
// Revised root module is set to 'Single_Cycle_Core'
// Warning: (HRC3.10a) An input port is declared, but it is not completely used in the module (occurrence:1)
// Note: Read VERILOG design successfully
CPU time     : 0.52    seconds
Elapse time  : 0       seconds
Memory usage : 117.85  M bytes
// Command: set root module Single_Cycle_Core -revised
// Warning: Revised root module is already at 'Single_Cycle_Core'
// Command: add pin constraint 0 SE -revised
// Command: set system mode lec
// Processing Golden ...
// Modeling Golden ...
// Processing Revised ...
// Modeling Revised ...
CPU time     : 0.96    seconds
Elapse time  : 1       seconds
Memory usage : 145.94  M bytes
// Warning: Golden and Revised have different numbers of key points:
// Golden  key points = 1187
// Revised key points = 1189
// Mapping key points ...
// Warning: Primary input 'scan_in' in Revised has no correspondence in Golden
// Warning: Primary output 'scan_out' in Revised has no correspondence in Golden
================================================================================
Mapped points: SYSTEM class
--------------------------------------------------------------------------------
Mapped points     PI     PO     DFF       Total   
--------------------------------------------------------------------------------
Golden            66     97     1024      1187    
--------------------------------------------------------------------------------
Revised           66     97     1024      1187    
================================================================================
Unmapped points:
================================================================================
Revised:
--------------------------------------------------------------------------------
Unmapped points   PI     PO        Total   
--------------------------------------------------------------------------------
Extra             1      1         2       
================================================================================
// Command: add compare point -all
// 1121 compared points added to compare list
// Command: compare
================================================================================
Compared points      PO     DFF       Total   
--------------------------------------------------------------------------------
Equivalent           97     1024      1121    
================================================================================
// Warning: (COMP3) There are extra POs in Revised
CPU time     : 3.14    seconds
Elapse time  : 3       seconds
Memory usage : 194.62  M bytes
// Command: report compare data
Compared points are: Equivalent (reachable)
  (G) + 67    PO   /PC[31]
  (R) + 68    PO   /PC[31]

Compared points are: Equivalent (reachable)
  (G) + 68    PO   /PC[30]
  (R) + 69    PO   /PC[30]

Compared points are: Equivalent (reachable)
  (G) + 69    PO   /PC[29]
  (R) + 70    PO   /PC[29]

Compared points are: Equivalent (reachable)
  (G) + 70    PO   /PC[28]
  (R) + 71    PO   /PC[28]

Compared points are: Equivalent (reachable)
  (G) + 71    PO   /PC[27]
  (R) + 72    PO   /PC[27]

Compared points are: Equivalent (reachable)
  (G) + 72    PO   /PC[26]
  (R) + 73    PO   /PC[26]

Compared points are: Equivalent (reachable)
  (G) + 73    PO   /PC[25]
  (R) + 74    PO   /PC[25]

Compared points are: Equivalent (reachable)
  (G) + 74    PO   /PC[24]
  (R) + 75    PO   /PC[24]

Compared points are: Equivalent (reachable)
  (G) + 75    PO   /PC[23]
  (R) + 76    PO   /PC[23]

Compared points are: Equivalent (reachable)
  (G) + 76    PO   /PC[22]
  (R) + 77    PO   /PC[22]

Compared points are: Equivalent (reachable)
  (G) + 77    PO   /PC[21]
  (R) + 78    PO   /PC[21]

Compared points are: Equivalent (reachable)
  (G) + 78    PO   /PC[20]
  (R) + 79    PO   /PC[20]

Compared points are: Equivalent (reachable)
  (G) + 79    PO   /PC[19]
  (R) + 80    PO   /PC[19]

Compared points are: Equivalent (reachable)
  (G) + 80    PO   /PC[18]
  (R) + 81    PO   /PC[18]

Compared points are: Equivalent (reachable)
  (G) + 81    PO   /PC[17]
  (R) + 82    PO   /PC[17]

Compared points are: Equivalent (reachable)
  (G) + 82    PO   /PC[16]
  (R) + 83    PO   /PC[16]

Compared points are: Equivalent (reachable)
  (G) + 83    PO   /PC[15]
  (R) + 84    PO   /PC[15]

Compared points are: Equivalent (reachable)
  (G) + 84    PO   /PC[14]
  (R) + 85    PO   /PC[14]

Compared points are: Equivalent (reachable)
  (G) + 85    PO   /PC[13]
  (R) + 86    PO   /PC[13]

Compared points are: Equivalent (reachable)
  (G) + 86    PO   /PC[12]
  (R) + 87    PO   /PC[12]

Compared points are: Equivalent (reachable)
  (G) + 87    PO   /PC[11]
  (R) + 88    PO   /PC[11]

Compared points are: Equivalent (reachable)
  (G) + 88    PO   /PC[10]
  (R) + 89    PO   /PC[10]

Compared points are: Equivalent (reachable)
  (G) + 89    PO   /PC[9]
  (R) + 90    PO   /PC[9]

Compared points are: Equivalent (reachable)
  (G) + 90    PO   /PC[8]
  (R) + 91    PO   /PC[8]

Compared points are: Equivalent (reachable)
  (G) + 91    PO   /PC[7]
  (R) + 92    PO   /PC[7]

Compared points are: Equivalent (reachable)
  (G) + 92    PO   /PC[6]
  (R) + 93    PO   /PC[6]

Compared points are: Equivalent (reachable)
  (G) + 93    PO   /PC[5]
  (R) + 94    PO   /PC[5]

Compared points are: Equivalent (reachable)
  (G) + 94    PO   /PC[4]
  (R) + 95    PO   /PC[4]

Compared points are: Equivalent (reachable)
  (G) + 95    PO   /PC[3]
  (R) + 96    PO   /PC[3]

Compared points are: Equivalent (reachable)
  (G) + 96    PO   /PC[2]
  (R) + 97    PO   /PC[2]

Compared points are: Equivalent (reachable)
  (G) + 97    PO   /PC[1]
  (R) + 98    PO   /PC[1]

Compared points are: Equivalent (reachable)
  (G) + 98    PO   /PC[0]
  (R) + 99    PO   /PC[0]

Compared points are: Equivalent (reachable)
  (G) + 99    PO   /MemWrite
  (R) + 100   PO   /MemWrite

Compared points are: Equivalent (reachable)
  (G) + 100   PO   /ALUResult[31]
  (R) + 101   PO   /ALUResult[31]

Compared points are: Equivalent (reachable)
  (G) + 101   PO   /ALUResult[30]
  (R) + 102   PO   /ALUResult[30]

Compared points are: Equivalent (reachable)
  (G) + 102   PO   /ALUResult[29]
  (R) + 103   PO   /ALUResult[29]

Compared points are: Equivalent (reachable)
  (G) + 103   PO   /ALUResult[28]
  (R) + 104   PO   /ALUResult[28]

Compared points are: Equivalent (reachable)
  (G) + 104   PO   /ALUResult[27]
  (R) + 105   PO   /ALUResult[27]

Compared points are: Equivalent (reachable)
  (G) + 105   PO   /ALUResult[26]
  (R) + 106   PO   /ALUResult[26]

Compared points are: Equivalent (reachable)
  (G) + 106   PO   /ALUResult[25]
  (R) + 107   PO   /ALUResult[25]

Compared points are: Equivalent (reachable)
  (G) + 107   PO   /ALUResult[24]
  (R) + 108   PO   /ALUResult[24]

Compared points are: Equivalent (reachable)
  (G) + 108   PO   /ALUResult[23]
  (R) + 109   PO   /ALUResult[23]

Compared points are: Equivalent (reachable)
  (G) + 109   PO   /ALUResult[22]
  (R) + 110   PO   /ALUResult[22]

Compared points are: Equivalent (reachable)
  (G) + 110   PO   /ALUResult[21]
  (R) + 111   PO   /ALUResult[21]

Compared points are: Equivalent (reachable)
  (G) + 111   PO   /ALUResult[20]
  (R) + 112   PO   /ALUResult[20]

Compared points are: Equivalent (reachable)
  (G) + 112   PO   /ALUResult[19]
  (R) + 113   PO   /ALUResult[19]

Compared points are: Equivalent (reachable)
  (G) + 113   PO   /ALUResult[18]
  (R) + 114   PO   /ALUResult[18]

Compared points are: Equivalent (reachable)
  (G) + 114   PO   /ALUResult[17]
  (R) + 115   PO   /ALUResult[17]

Compared points are: Equivalent (reachable)
  (G) + 115   PO   /ALUResult[16]
  (R) + 116   PO   /ALUResult[16]

Compared points are: Equivalent (reachable)
  (G) + 116   PO   /ALUResult[15]
  (R) + 117   PO   /ALUResult[15]

Compared points are: Equivalent (reachable)
  (G) + 117   PO   /ALUResult[14]
  (R) + 118   PO   /ALUResult[14]

Compared points are: Equivalent (reachable)
  (G) + 118   PO   /ALUResult[13]
  (R) + 119   PO   /ALUResult[13]

Compared points are: Equivalent (reachable)
  (G) + 119   PO   /ALUResult[12]
  (R) + 120   PO   /ALUResult[12]

Compared points are: Equivalent (reachable)
  (G) + 120   PO   /ALUResult[11]
  (R) + 121   PO   /ALUResult[11]

Compared points are: Equivalent (reachable)
  (G) + 121   PO   /ALUResult[10]
  (R) + 122   PO   /ALUResult[10]

Compared points are: Equivalent (reachable)
  (G) + 122   PO   /ALUResult[9]
  (R) + 123   PO   /ALUResult[9]

Compared points are: Equivalent (reachable)
  (G) + 123   PO   /ALUResult[8]
  (R) + 124   PO   /ALUResult[8]

Compared points are: Equivalent (reachable)
  (G) + 124   PO   /ALUResult[7]
  (R) + 125   PO   /ALUResult[7]

Compared points are: Equivalent (reachable)
  (G) + 125   PO   /ALUResult[6]
  (R) + 126   PO   /ALUResult[6]

Compared points are: Equivalent (reachable)
  (G) + 126   PO   /ALUResult[5]
  (R) + 127   PO   /ALUResult[5]

Compared points are: Equivalent (reachable)
  (G) + 127   PO   /ALUResult[4]
  (R) + 128   PO   /ALUResult[4]

Compared points are: Equivalent (reachable)
  (G) + 128   PO   /ALUResult[3]
  (R) + 129   PO   /ALUResult[3]

Compared points are: Equivalent (reachable)
  (G) + 129   PO   /ALUResult[2]
  (R) + 130   PO   /ALUResult[2]

Compared points are: Equivalent (reachable)
  (G) + 130   PO   /ALUResult[1]
  (R) + 131   PO   /ALUResult[1]

Compared points are: Equivalent (reachable)
  (G) + 131   PO   /ALUResult[0]
  (R) + 132   PO   /ALUResult[0]

Compared points are: Equivalent (reachable)
  (G) + 132   PO   /WriteData[31]
  (R) + 133   PO   /WriteData[31]

Compared points are: Equivalent (reachable)
  (G) + 133   PO   /WriteData[30]
  (R) + 134   PO   /WriteData[30]

Compared points are: Equivalent (reachable)
  (G) + 134   PO   /WriteData[29]
  (R) + 135   PO   /WriteData[29]

Compared points are: Equivalent (reachable)
  (G) + 135   PO   /WriteData[28]
  (R) + 136   PO   /WriteData[28]

Compared points are: Equivalent (reachable)
  (G) + 136   PO   /WriteData[27]
  (R) + 137   PO   /WriteData[27]

Compared points are: Equivalent (reachable)
  (G) + 137   PO   /WriteData[26]
  (R) + 138   PO   /WriteData[26]

Compared points are: Equivalent (reachable)
  (G) + 138   PO   /WriteData[25]
  (R) + 139   PO   /WriteData[25]

Compared points are: Equivalent (reachable)
  (G) + 139   PO   /WriteData[24]
  (R) + 140   PO   /WriteData[24]

Compared points are: Equivalent (reachable)
  (G) + 140   PO   /WriteData[23]
  (R) + 141   PO   /WriteData[23]

Compared points are: Equivalent (reachable)
  (G) + 141   PO   /WriteData[22]
  (R) + 142   PO   /WriteData[22]

Compared points are: Equivalent (reachable)
  (G) + 142   PO   /WriteData[21]
  (R) + 143   PO   /WriteData[21]

Compared points are: Equivalent (reachable)
  (G) + 143   PO   /WriteData[20]
  (R) + 144   PO   /WriteData[20]

Compared points are: Equivalent (reachable)
  (G) + 144   PO   /WriteData[19]
  (R) + 145   PO   /WriteData[19]

Compared points are: Equivalent (reachable)
  (G) + 145   PO   /WriteData[18]
  (R) + 146   PO   /WriteData[18]

Compared points are: Equivalent (reachable)
  (G) + 146   PO   /WriteData[17]
  (R) + 147   PO   /WriteData[17]

Compared points are: Equivalent (reachable)
  (G) + 147   PO   /WriteData[16]
  (R) + 148   PO   /WriteData[16]

Compared points are: Equivalent (reachable)
  (G) + 148   PO   /WriteData[15]
  (R) + 149   PO   /WriteData[15]

Compared points are: Equivalent (reachable)
  (G) + 149   PO   /WriteData[14]
  (R) + 150   PO   /WriteData[14]

Compared points are: Equivalent (reachable)
  (G) + 150   PO   /WriteData[13]
  (R) + 151   PO   /WriteData[13]

Compared points are: Equivalent (reachable)
  (G) + 151   PO   /WriteData[12]
  (R) + 152   PO   /WriteData[12]

Compared points are: Equivalent (reachable)
  (G) + 152   PO   /WriteData[11]
  (R) + 153   PO   /WriteData[11]

Compared points are: Equivalent (reachable)
  (G) + 153   PO   /WriteData[10]
  (R) + 154   PO   /WriteData[10]

Compared points are: Equivalent (reachable)
  (G) + 154   PO   /WriteData[9]
  (R) + 155   PO   /WriteData[9]

Compared points are: Equivalent (reachable)
  (G) + 155   PO   /WriteData[8]
  (R) + 156   PO   /WriteData[8]

Compared points are: Equivalent (reachable)
  (G) + 156   PO   /WriteData[7]
  (R) + 157   PO   /WriteData[7]

Compared points are: Equivalent (reachable)
  (G) + 157   PO   /WriteData[6]
  (R) + 158   PO   /WriteData[6]

Compared points are: Equivalent (reachable)
  (G) + 158   PO   /WriteData[5]
  (R) + 159   PO   /WriteData[5]

Compared points are: Equivalent (reachable)
  (G) + 159   PO   /WriteData[4]
  (R) + 160   PO   /WriteData[4]

Compared points are: Equivalent (reachable)
  (G) + 160   PO   /WriteData[3]
  (R) + 161   PO   /WriteData[3]

Compared points are: Equivalent (reachable)
  (G) + 161   PO   /WriteData[2]
  (R) + 162   PO   /WriteData[2]

Compared points are: Equivalent (reachable)
  (G) + 162   PO   /WriteData[1]
  (R) + 163   PO   /WriteData[1]

Compared points are: Equivalent (reachable)
  (G) + 163   PO   /WriteData[0]
  (R) + 164   PO   /WriteData[0]

Compared points are: Equivalent (reachable)
  (G) + 164   DFF  /Datapath/PC_inst/PCReg_reg[12]/U$1
  (R) + 1170  DFF  /Datapath_PC_inst_PCReg_reg[12]/U$1

Compared points are: Equivalent (reachable)
  (G) + 165   DFF  /Datapath/PC_inst/PCReg_reg[1]/U$1
  (R) + 1160  DFF  /Datapath_PC_inst_PCReg_reg[1]/U$1

Compared points are: Equivalent (reachable)
  (G) + 166   DFF  /Datapath/PC_inst/PCReg_reg[2]/U$1
  (R) + 166   DFF  /Datapath_PC_inst_PCReg_reg[2]/U$1

Compared points are: Equivalent (reachable)
  (G) + 167   DFF  /Datapath/PC_inst/PCReg_reg[3]/U$1
  (R) + 1161  DFF  /Datapath_PC_inst_PCReg_reg[3]/U$1

Compared points are: Equivalent (reachable)
  (G) + 168   DFF  /Datapath/PC_inst/PCReg_reg[4]/U$1
  (R) + 1162  DFF  /Datapath_PC_inst_PCReg_reg[4]/U$1

Compared points are: Equivalent (reachable)
  (G) + 169   DFF  /Datapath/PC_inst/PCReg_reg[27]/U$1
  (R) + 1185  DFF  /Datapath_PC_inst_PCReg_reg[27]/U$1

Compared points are: Equivalent (reachable)
  (G) + 170   DFF  /Datapath/PC_inst/PCReg_reg[5]/U$1
  (R) + 1163  DFF  /Datapath_PC_inst_PCReg_reg[5]/U$1

Compared points are: Equivalent (reachable)
  (G) + 171   DFF  /Datapath/PC_inst/PCReg_reg[6]/U$1
  (R) + 1164  DFF  /Datapath_PC_inst_PCReg_reg[6]/U$1

Compared points are: Equivalent (reachable)
  (G) + 172   DFF  /Datapath/PC_inst/PCReg_reg[7]/U$1
  (R) + 1165  DFF  /Datapath_PC_inst_PCReg_reg[7]/U$1

Compared points are: Equivalent (reachable)
  (G) + 173   DFF  /Datapath/PC_inst/PCReg_reg[23]/U$1
  (R) + 1181  DFF  /Datapath_PC_inst_PCReg_reg[23]/U$1

Compared points are: Equivalent (reachable)
  (G) + 174   DFF  /Datapath/PC_inst/PCReg_reg[8]/U$1
  (R) + 1166  DFF  /Datapath_PC_inst_PCReg_reg[8]/U$1

Compared points are: Equivalent (reachable)
  (G) + 175   DFF  /Datapath/PC_inst/PCReg_reg[9]/U$1
  (R) + 1167  DFF  /Datapath_PC_inst_PCReg_reg[9]/U$1

Compared points are: Equivalent (reachable)
  (G) + 176   DFF  /Datapath/PC_inst/PCReg_reg[10]/U$1
  (R) + 1168  DFF  /Datapath_PC_inst_PCReg_reg[10]/U$1

Compared points are: Equivalent (reachable)
  (G) + 177   DFF  /Datapath/PC_inst/PCReg_reg[19]/U$1
  (R) + 1177  DFF  /Datapath_PC_inst_PCReg_reg[19]/U$1

Compared points are: Equivalent (reachable)
  (G) + 178   DFF  /Datapath/PC_inst/PCReg_reg[11]/U$1
  (R) + 1169  DFF  /Datapath_PC_inst_PCReg_reg[11]/U$1

Compared points are: Equivalent (reachable)
  (G) + 179   DFF  /Datapath/PC_inst/PCReg_reg[0]/U$1
  (R) + 1159  DFF  /Datapath_PC_inst_PCReg_reg[0]/U$1

Compared points are: Equivalent (reachable)
  (G) + 180   DFF  /Datapath/PC_inst/PCReg_reg[31]/U$1
  (R) + 1189  DFF  /Datapath_PC_inst_PCReg_reg[31]/U$1

Compared points are: Equivalent (reachable)
  (G) + 181   DFF  /Datapath/PC_inst/PCReg_reg[14]/U$1
  (R) + 1172  DFF  /Datapath_PC_inst_PCReg_reg[14]/U$1

Compared points are: Equivalent (reachable)
  (G) + 182   DFF  /Datapath/PC_inst/PCReg_reg[15]/U$1
  (R) + 1173  DFF  /Datapath_PC_inst_PCReg_reg[15]/U$1

Compared points are: Equivalent (reachable)
  (G) + 183   DFF  /Datapath/PC_inst/PCReg_reg[16]/U$1
  (R) + 1174  DFF  /Datapath_PC_inst_PCReg_reg[16]/U$1

Compared points are: Equivalent (reachable)
  (G) + 184   DFF  /Datapath/PC_inst/PCReg_reg[17]/U$1
  (R) + 1175  DFF  /Datapath_PC_inst_PCReg_reg[17]/U$1

Compared points are: Equivalent (reachable)
  (G) + 185   DFF  /Datapath/PC_inst/PCReg_reg[18]/U$1
  (R) + 1176  DFF  /Datapath_PC_inst_PCReg_reg[18]/U$1

Compared points are: Equivalent (reachable)
  (G) + 186   DFF  /Datapath/PC_inst/PCReg_reg[20]/U$1
  (R) + 1178  DFF  /Datapath_PC_inst_PCReg_reg[20]/U$1

Compared points are: Equivalent (reachable)
  (G) + 187   DFF  /Datapath/PC_inst/PCReg_reg[21]/U$1
  (R) + 1179  DFF  /Datapath_PC_inst_PCReg_reg[21]/U$1

Compared points are: Equivalent (reachable)
  (G) + 188   DFF  /Datapath/PC_inst/PCReg_reg[22]/U$1
  (R) + 1180  DFF  /Datapath_PC_inst_PCReg_reg[22]/U$1

Compared points are: Equivalent (reachable)
  (G) + 189   DFF  /Datapath/PC_inst/PCReg_reg[24]/U$1
  (R) + 1182  DFF  /Datapath_PC_inst_PCReg_reg[24]/U$1

Compared points are: Equivalent (reachable)
  (G) + 190   DFF  /Datapath/PC_inst/PCReg_reg[25]/U$1
  (R) + 1183  DFF  /Datapath_PC_inst_PCReg_reg[25]/U$1

Compared points are: Equivalent (reachable)
  (G) + 191   DFF  /Datapath/PC_inst/PCReg_reg[26]/U$1
  (R) + 1184  DFF  /Datapath_PC_inst_PCReg_reg[26]/U$1

Compared points are: Equivalent (reachable)
  (G) + 192   DFF  /Datapath/PC_inst/PCReg_reg[28]/U$1
  (R) + 1186  DFF  /Datapath_PC_inst_PCReg_reg[28]/U$1

Compared points are: Equivalent (reachable)
  (G) + 193   DFF  /Datapath/PC_inst/PCReg_reg[29]/U$1
  (R) + 1187  DFF  /Datapath_PC_inst_PCReg_reg[29]/U$1

Compared points are: Equivalent (reachable)
  (G) + 194   DFF  /Datapath/PC_inst/PCReg_reg[30]/U$1
  (R) + 1188  DFF  /Datapath_PC_inst_PCReg_reg[30]/U$1

Compared points are: Equivalent (reachable)
  (G) + 195   DFF  /Datapath/PC_inst/PCReg_reg[13]/U$1
  (R) + 1171  DFF  /Datapath_PC_inst_PCReg_reg[13]/U$1

Compared points are: Equivalent (reachable)
  (G) + 196   DFF  /Datapath/Register_inst/REG_MEM_BLOCK_reg[1][0]/U$1
  (R) + 167   DFF  /Datapath_Register_inst_REG_MEM_BLOCK_reg[1][0]/U$1

Compared points are: Equivalent (reachable)
  (G) + 197   DFF  /Datapath/Register_inst/REG_MEM_BLOCK_reg[1][1]/U$1
  (R) + 168   DFF  /Datapath_Register_inst_REG_MEM_BLOCK_reg[1][1]/U$1

Compared points are: Equivalent (reachable)
  (G) + 198   DFF  /Datapath/Register_inst/REG_MEM_BLOCK_reg[1][2]/U$1
  (R) + 169   DFF  /Datapath_Register_inst_REG_MEM_BLOCK_reg[1][2]/U$1

Compared points are: Equivalent (reachable)
  (G) + 199   DFF  /Datapath/Register_inst/REG_MEM_BLOCK_reg[1][3]/U$1
  (R) + 170   DFF  /Datapath_Register_inst_REG_MEM_BLOCK_reg[1][3]/U$1

Compared points are: Equivalent (reachable)
  (G) + 200   DFF  /Datapath/Register_inst/REG_MEM_BLOCK_reg[1][4]/U$1
  (R) + 171   DFF  /Datapath_Register_inst_REG_MEM_BLOCK_reg[1][4]/U$1

Compared points are: Equivalent (reachable)
  (G) + 201   DFF  /Datapath/Register_inst/REG_MEM_BLOCK_reg[1][5]/U$1
  (R) + 172   DFF  /Datapath_Register_inst_REG_MEM_BLOCK_reg[1][5]/U$1

Compared points are: Equivalent (reachable)
  (G) + 202   DFF  /Datapath/Register_inst/REG_MEM_BLOCK_reg[1][6]/U$1
  (R) + 173   DFF  /Datapath_Register_inst_REG_MEM_BLOCK_reg[1][6]/U$1

Compared points are: Equivalent (reachable)
  (G) + 203   DFF  /Datapath/Register_inst/REG_MEM_BLOCK_reg[1][7]/U$1
  (R) + 174   DFF  /Datapath_Register_inst_REG_MEM_BLOCK_reg[1][7]/U$1

Compared points are: Equivalent (reachable)
  (G) + 204   DFF  /Datapath/Register_inst/REG_MEM_BLOCK_reg[1][8]/U$1
  (R) + 175   DFF  /Datapath_Register_inst_REG_MEM_BLOCK_reg[1][8]/U$1

Compared points are: Equivalent (reachable)
  (G) + 205   DFF  /Datapath/Register_inst/REG_MEM_BLOCK_reg[1][9]/U$1
  (R) + 176   DFF  /Datapath_Register_inst_REG_MEM_BLOCK_reg[1][9]/U$1

Compared points are: Equivalent (reachable)
  (G) + 206   DFF  /Datapath/Register_inst/REG_MEM_BLOCK_reg[1][10]/U$1
  (R) + 177   DFF  /Datapath_Register_inst_REG_MEM_BLOCK_reg[1][10]/U$1

Compared points are: Equivalent (reachable)
  (G) + 207   DFF  /Datapath/Register_inst/REG_MEM_BLOCK_reg[1][11]/U$1
  (R) + 178   DFF  /Datapath_Register_inst_REG_MEM_BLOCK_reg[1][11]/U$1

Compared points are: Equivalent (reachable)
  (G) + 208   DFF  /Datapath/Register_inst/REG_MEM_BLOCK_reg[1][12]/U$1
  (R) + 179   DFF  /Datapath_Register_inst_REG_MEM_BLOCK_reg[1][12]/U$1

Compared points are: Equivalent (reachable)
  (G) + 209   DFF  /Datapath/Register_inst/REG_MEM_BLOCK_reg[1][13]/U$1
  (R) + 180   DFF  /Datapath_Register_inst_REG_MEM_BLOCK_reg[1][13]/U$1

Compared points are: Equivalent (reachable)
  (G) + 210   DFF  /Datapath/Register_inst/REG_MEM_BLOCK_reg[1][14]/U$1
  (R) + 181   DFF  /Datapath_Register_inst_REG_MEM_BLOCK_reg[1][14]/U$1

Compared points are: Equivalent (reachable)
  (G) + 211   DFF  /Datapath/Register_inst/REG_MEM_BLOCK_reg[1][15]/U$1
  (R) + 182   DFF  /Datapath_Register_inst_REG_MEM_BLOCK_reg[1][15]/U$1

Compared points are: Equivalent (reachable)
  (G) + 212   DFF  /Datapath/Register_inst/REG_MEM_BLOCK_reg[1][16]/U$1
  (R) + 183   DFF  /Datapath_Register_inst_REG_MEM_BLOCK_reg[1][16]/U$1

Compared points are: Equivalent (reachable)
  (G) + 213   DFF  /Datapath/Register_inst/REG_MEM_BLOCK_reg[1][17]/U$1
  (R) + 184   DFF  /Datapath_Register_inst_REG_MEM_BLOCK_reg[1][17]/U$1

Compared points are: Equivalent (reachable)
  (G) + 214   DFF  /Datapath/Register_inst/REG_MEM_BLOCK_reg[1][18]/U$1
  (R) + 185   DFF  /Datapath_Register_inst_REG_MEM_BLOCK_reg[1][18]/U$1

Compared points are: Equivalent (reachable)
  (G) + 215   DFF  /Datapath/Register_inst/REG_MEM_BLOCK_reg[1][19]/U$1
  (R) + 186   DFF  /Datapath_Register_inst_REG_MEM_BLOCK_reg[1][19]/U$1

Compared points are: Equivalent (reachable)
  (G) + 216   DFF  /Datapath/Register_inst/REG_MEM_BLOCK_reg[1][20]/U$1
  (R) + 187   DFF  /Datapath_Register_inst_REG_MEM_BLOCK_reg[1][20]/U$1

Compared points are: Equivalent (reachable)
  (G) + 217   DFF  /Datapath/Register_inst/REG_MEM_BLOCK_reg[1][21]/U$1
  (R) + 188   DFF  /Datapath_Register_inst_REG_MEM_BLOCK_reg[1][21]/U$1

Compared points are: Equivalent (reachable)
  (G) + 218   DFF  /Datapath/Register_inst/REG_MEM_BLOCK_reg[1][22]/U$1
  (R) + 189   DFF  /Datapath_Register_inst_REG_MEM_BLOCK_reg[1][22]/U$1

Compared points are: Equivalent (reachable)
  (G) + 219   DFF  /Datapath/Register_inst/REG_MEM_BLOCK_reg[1][23]/U$1
  (R) + 190   DFF  /Datapath_Register_inst_REG_MEM_BLOCK_reg[1][23]/U$1

Compared points are: Equivalent (reachable)
  (G) + 220   DFF  /Datapath/Register_inst/REG_MEM_BLOCK_reg[1][24]/U$1
  (R) + 191   DFF  /Datapath_Register_inst_REG_MEM_BLOCK_reg[1][24]/U$1

Compared points are: Equivalent (reachable)
  (G) + 221   DFF  /Datapath/Register_inst/REG_MEM_BLOCK_reg[1][25]/U$1
  (R) + 192   DFF  /Datapath_Register_inst_REG_MEM_BLOCK_reg[1][25]/U$1

Compared points are: Equivalent (reachable)
  (G) + 222   DFF  /Datapath/Register_inst/REG_MEM_BLOCK_reg[1][26]/U$1
  (R) + 193   DFF  /Datapath_Register_inst_REG_MEM_BLOCK_reg[1][26]/U$1

Compared points are: Equivalent (reachable)
  (G) + 223   DFF  /Datapath/Register_inst/REG_MEM_BLOCK_reg[1][27]/U$1
  (R) + 194   DFF  /Datapath_Register_inst_REG_MEM_BLOCK_reg[1][27]/U$1

Compared points are: Equivalent (reachable)
  (G) + 224   DFF  /Datapath/Register_inst/REG_MEM_BLOCK_reg[1][28]/U$1
  (R) + 195   DFF  /Datapath_Register_inst_REG_MEM_BLOCK_reg[1][28]/U$1

Compared points are: Equivalent (reachable)
  (G) + 225   DFF  /Datapath/Register_inst/REG_MEM_BLOCK_reg[1][29]/U$1
  (R) + 196   DFF  /Datapath_Register_inst_REG_MEM_BLOCK_reg[1][29]/U$1

Compared points are: Equivalent (reachable)
  (G) + 226   DFF  /Datapath/Register_inst/REG_MEM_BLOCK_reg[1][30]/U$1
  (R) + 197   DFF  /Datapath_Register_inst_REG_MEM_BLOCK_reg[1][30]/U$1

Compared points are: Equivalent (reachable)
  (G) + 227   DFF  /Datapath/Register_inst/REG_MEM_BLOCK_reg[1][31]/U$1
  (R) + 198   DFF  /Datapath_Register_inst_REG_MEM_BLOCK_reg[1][31]/U$1

Compared points are: Equivalent (reachable)
  (G) + 228   DFF  /Datapath/Register_inst/REG_MEM_BLOCK_reg[2][0]/U$1
  (R) + 199   DFF  /Datapath_Register_inst_REG_MEM_BLOCK_reg[2][0]/U$1

Compared points are: Equivalent (reachable)
  (G) + 229   DFF  /Datapath/Register_inst/REG_MEM_BLOCK_reg[2][1]/U$1
  (R) + 200   DFF  /Datapath_Register_inst_REG_MEM_BLOCK_reg[2][1]/U$1

Compared points are: Equivalent (reachable)
  (G) + 230   DFF  /Datapath/Register_inst/REG_MEM_BLOCK_reg[2][2]/U$1
  (R) + 201   DFF  /Datapath_Register_inst_REG_MEM_BLOCK_reg[2][2]/U$1

Compared points are: Equivalent (reachable)
  (G) + 231   DFF  /Datapath/Register_inst/REG_MEM_BLOCK_reg[2][3]/U$1
  (R) + 202   DFF  /Datapath_Register_inst_REG_MEM_BLOCK_reg[2][3]/U$1

Compared points are: Equivalent (reachable)
  (G) + 232   DFF  /Datapath/Register_inst/REG_MEM_BLOCK_reg[2][4]/U$1
  (R) + 203   DFF  /Datapath_Register_inst_REG_MEM_BLOCK_reg[2][4]/U$1

Compared points are: Equivalent (reachable)
  (G) + 233   DFF  /Datapath/Register_inst/REG_MEM_BLOCK_reg[2][5]/U$1
  (R) + 204   DFF  /Datapath_Register_inst_REG_MEM_BLOCK_reg[2][5]/U$1

Compared points are: Equivalent (reachable)
  (G) + 234   DFF  /Datapath/Register_inst/REG_MEM_BLOCK_reg[2][6]/U$1
  (R) + 205   DFF  /Datapath_Register_inst_REG_MEM_BLOCK_reg[2][6]/U$1

Compared points are: Equivalent (reachable)
  (G) + 235   DFF  /Datapath/Register_inst/REG_MEM_BLOCK_reg[2][7]/U$1
  (R) + 206   DFF  /Datapath_Register_inst_REG_MEM_BLOCK_reg[2][7]/U$1

Compared points are: Equivalent (reachable)
  (G) + 236   DFF  /Datapath/Register_inst/REG_MEM_BLOCK_reg[2][8]/U$1
  (R) + 207   DFF  /Datapath_Register_inst_REG_MEM_BLOCK_reg[2][8]/U$1

Compared points are: Equivalent (reachable)
  (G) + 237   DFF  /Datapath/Register_inst/REG_MEM_BLOCK_reg[2][9]/U$1
  (R) + 208   DFF  /Datapath_Register_inst_REG_MEM_BLOCK_reg[2][9]/U$1

Compared points are: Equivalent (reachable)
  (G) + 238   DFF  /Datapath/Register_inst/REG_MEM_BLOCK_reg[2][10]/U$1
  (R) + 209   DFF  /Datapath_Register_inst_REG_MEM_BLOCK_reg[2][10]/U$1

Compared points are: Equivalent (reachable)
  (G) + 239   DFF  /Datapath/Register_inst/REG_MEM_BLOCK_reg[2][11]/U$1
  (R) + 210   DFF  /Datapath_Register_inst_REG_MEM_BLOCK_reg[2][11]/U$1

Compared points are: Equivalent (reachable)
  (G) + 240   DFF  /Datapath/Register_inst/REG_MEM_BLOCK_reg[2][12]/U$1
  (R) + 211   DFF  /Datapath_Register_inst_REG_MEM_BLOCK_reg[2][12]/U$1

Compared points are: Equivalent (reachable)
  (G) + 241   DFF  /Datapath/Register_inst/REG_MEM_BLOCK_reg[2][13]/U$1
  (R) + 212   DFF  /Datapath_Register_inst_REG_MEM_BLOCK_reg[2][13]/U$1

Compared points are: Equivalent (reachable)
  (G) + 242   DFF  /Datapath/Register_inst/REG_MEM_BLOCK_reg[2][14]/U$1
  (R) + 213   DFF  /Datapath_Register_inst_REG_MEM_BLOCK_reg[2][14]/U$1

Compared points are: Equivalent (reachable)
  (G) + 243   DFF  /Datapath/Register_inst/REG_MEM_BLOCK_reg[2][15]/U$1
  (R) + 214   DFF  /Datapath_Register_inst_REG_MEM_BLOCK_reg[2][15]/U$1

Compared points are: Equivalent (reachable)
  (G) + 244   DFF  /Datapath/Register_inst/REG_MEM_BLOCK_reg[2][16]/U$1
  (R) + 215   DFF  /Datapath_Register_inst_REG_MEM_BLOCK_reg[2][16]/U$1

Compared points are: Equivalent (reachable)
  (G) + 245   DFF  /Datapath/Register_inst/REG_MEM_BLOCK_reg[2][17]/U$1
  (R) + 216   DFF  /Datapath_Register_inst_REG_MEM_BLOCK_reg[2][17]/U$1

Compared points are: Equivalent (reachable)
  (G) + 246   DFF  /Datapath/Register_inst/REG_MEM_BLOCK_reg[2][18]/U$1
  (R) + 217   DFF  /Datapath_Register_inst_REG_MEM_BLOCK_reg[2][18]/U$1

Compared points are: Equivalent (reachable)
  (G) + 247   DFF  /Datapath/Register_inst/REG_MEM_BLOCK_reg[2][19]/U$1
  (R) + 218   DFF  /Datapath_Register_inst_REG_MEM_BLOCK_reg[2][19]/U$1

Compared points are: Equivalent (reachable)
  (G) + 248   DFF  /Datapath/Register_inst/REG_MEM_BLOCK_reg[2][20]/U$1
  (R) + 219   DFF  /Datapath_Register_inst_REG_MEM_BLOCK_reg[2][20]/U$1

Compared points are: Equivalent (reachable)
  (G) + 249   DFF  /Datapath/Register_inst/REG_MEM_BLOCK_reg[2][21]/U$1
  (R) + 220   DFF  /Datapath_Register_inst_REG_MEM_BLOCK_reg[2][21]/U$1

Compared points are: Equivalent (reachable)
  (G) + 250   DFF  /Datapath/Register_inst/REG_MEM_BLOCK_reg[2][22]/U$1
  (R) + 221   DFF  /Datapath_Register_inst_REG_MEM_BLOCK_reg[2][22]/U$1

Compared points are: Equivalent (reachable)
  (G) + 251   DFF  /Datapath/Register_inst/REG_MEM_BLOCK_reg[2][23]/U$1
  (R) + 222   DFF  /Datapath_Register_inst_REG_MEM_BLOCK_reg[2][23]/U$1

Compared points are: Equivalent (reachable)
  (G) + 252   DFF  /Datapath/Register_inst/REG_MEM_BLOCK_reg[2][24]/U$1
  (R) + 223   DFF  /Datapath_Register_inst_REG_MEM_BLOCK_reg[2][24]/U$1

Compared points are: Equivalent (reachable)
  (G) + 253   DFF  /Datapath/Register_inst/REG_MEM_BLOCK_reg[2][25]/U$1
  (R) + 224   DFF  /Datapath_Register_inst_REG_MEM_BLOCK_reg[2][25]/U$1

Compared points are: Equivalent (reachable)
  (G) + 254   DFF  /Datapath/Register_inst/REG_MEM_BLOCK_reg[2][26]/U$1
  (R) + 225   DFF  /Datapath_Register_inst_REG_MEM_BLOCK_reg[2][26]/U$1

Compared points are: Equivalent (reachable)
  (G) + 255   DFF  /Datapath/Register_inst/REG_MEM_BLOCK_reg[2][27]/U$1
  (R) + 226   DFF  /Datapath_Register_inst_REG_MEM_BLOCK_reg[2][27]/U$1

Compared points are: Equivalent (reachable)
  (G) + 256   DFF  /Datapath/Register_inst/REG_MEM_BLOCK_reg[2][28]/U$1
  (R) + 227   DFF  /Datapath_Register_inst_REG_MEM_BLOCK_reg[2][28]/U$1

Compared points are: Equivalent (reachable)
  (G) + 257   DFF  /Datapath/Register_inst/REG_MEM_BLOCK_reg[2][29]/U$1
  (R) + 228   DFF  /Datapath_Register_inst_REG_MEM_BLOCK_reg[2][29]/U$1

Compared points are: Equivalent (reachable)
  (G) + 258   DFF  /Datapath/Register_inst/REG_MEM_BLOCK_reg[2][30]/U$1
  (R) + 229   DFF  /Datapath_Register_inst_REG_MEM_BLOCK_reg[2][30]/U$1

Compared points are: Equivalent (reachable)
  (G) + 259   DFF  /Datapath/Register_inst/REG_MEM_BLOCK_reg[2][31]/U$1
  (R) + 230   DFF  /Datapath_Register_inst_REG_MEM_BLOCK_reg[2][31]/U$1

Compared points are: Equivalent (reachable)
  (G) + 260   DFF  /Datapath/Register_inst/REG_MEM_BLOCK_reg[3][0]/U$1
  (R) + 231   DFF  /Datapath_Register_inst_REG_MEM_BLOCK_reg[3][0]/U$1

Compared points are: Equivalent (reachable)
  (G) + 261   DFF  /Datapath/Register_inst/REG_MEM_BLOCK_reg[3][1]/U$1
  (R) + 232   DFF  /Datapath_Register_inst_REG_MEM_BLOCK_reg[3][1]/U$1

Compared points are: Equivalent (reachable)
  (G) + 262   DFF  /Datapath/Register_inst/REG_MEM_BLOCK_reg[3][2]/U$1
  (R) + 233   DFF  /Datapath_Register_inst_REG_MEM_BLOCK_reg[3][2]/U$1

Compared points are: Equivalent (reachable)
  (G) + 263   DFF  /Datapath/Register_inst/REG_MEM_BLOCK_reg[3][3]/U$1
  (R) + 234   DFF  /Datapath_Register_inst_REG_MEM_BLOCK_reg[3][3]/U$1

Compared points are: Equivalent (reachable)
  (G) + 264   DFF  /Datapath/Register_inst/REG_MEM_BLOCK_reg[3][4]/U$1
  (R) + 235   DFF  /Datapath_Register_inst_REG_MEM_BLOCK_reg[3][4]/U$1

Compared points are: Equivalent (reachable)
  (G) + 265   DFF  /Datapath/Register_inst/REG_MEM_BLOCK_reg[3][5]/U$1
  (R) + 236   DFF  /Datapath_Register_inst_REG_MEM_BLOCK_reg[3][5]/U$1

Compared points are: Equivalent (reachable)
  (G) + 266   DFF  /Datapath/Register_inst/REG_MEM_BLOCK_reg[3][6]/U$1
  (R) + 237   DFF  /Datapath_Register_inst_REG_MEM_BLOCK_reg[3][6]/U$1

Compared points are: Equivalent (reachable)
  (G) + 267   DFF  /Datapath/Register_inst/REG_MEM_BLOCK_reg[3][7]/U$1
  (R) + 238   DFF  /Datapath_Register_inst_REG_MEM_BLOCK_reg[3][7]/U$1

Compared points are: Equivalent (reachable)
  (G) + 268   DFF  /Datapath/Register_inst/REG_MEM_BLOCK_reg[3][8]/U$1
  (R) + 239   DFF  /Datapath_Register_inst_REG_MEM_BLOCK_reg[3][8]/U$1

Compared points are: Equivalent (reachable)
  (G) + 269   DFF  /Datapath/Register_inst/REG_MEM_BLOCK_reg[3][9]/U$1
  (R) + 240   DFF  /Datapath_Register_inst_REG_MEM_BLOCK_reg[3][9]/U$1

Compared points are: Equivalent (reachable)
  (G) + 270   DFF  /Datapath/Register_inst/REG_MEM_BLOCK_reg[3][10]/U$1
  (R) + 241   DFF  /Datapath_Register_inst_REG_MEM_BLOCK_reg[3][10]/U$1

Compared points are: Equivalent (reachable)
  (G) + 271   DFF  /Datapath/Register_inst/REG_MEM_BLOCK_reg[3][11]/U$1
  (R) + 242   DFF  /Datapath_Register_inst_REG_MEM_BLOCK_reg[3][11]/U$1

Compared points are: Equivalent (reachable)
  (G) + 272   DFF  /Datapath/Register_inst/REG_MEM_BLOCK_reg[3][12]/U$1
  (R) + 243   DFF  /Datapath_Register_inst_REG_MEM_BLOCK_reg[3][12]/U$1

Compared points are: Equivalent (reachable)
  (G) + 273   DFF  /Datapath/Register_inst/REG_MEM_BLOCK_reg[3][13]/U$1
  (R) + 244   DFF  /Datapath_Register_inst_REG_MEM_BLOCK_reg[3][13]/U$1

Compared points are: Equivalent (reachable)
  (G) + 274   DFF  /Datapath/Register_inst/REG_MEM_BLOCK_reg[3][14]/U$1
  (R) + 245   DFF  /Datapath_Register_inst_REG_MEM_BLOCK_reg[3][14]/U$1

Compared points are: Equivalent (reachable)
  (G) + 275   DFF  /Datapath/Register_inst/REG_MEM_BLOCK_reg[3][15]/U$1
  (R) + 246   DFF  /Datapath_Register_inst_REG_MEM_BLOCK_reg[3][15]/U$1

Compared points are: Equivalent (reachable)
  (G) + 276   DFF  /Datapath/Register_inst/REG_MEM_BLOCK_reg[3][16]/U$1
  (R) + 247   DFF  /Datapath_Register_inst_REG_MEM_BLOCK_reg[3][16]/U$1

Compared points are: Equivalent (reachable)
  (G) + 277   DFF  /Datapath/Register_inst/REG_MEM_BLOCK_reg[3][17]/U$1
  (R) + 248   DFF  /Datapath_Register_inst_REG_MEM_BLOCK_reg[3][17]/U$1

Compared points are: Equivalent (reachable)
  (G) + 278   DFF  /Datapath/Register_inst/REG_MEM_BLOCK_reg[3][18]/U$1
  (R) + 249   DFF  /Datapath_Register_inst_REG_MEM_BLOCK_reg[3][18]/U$1

Compared points are: Equivalent (reachable)
  (G) + 279   DFF  /Datapath/Register_inst/REG_MEM_BLOCK_reg[3][19]/U$1
  (R) + 250   DFF  /Datapath_Register_inst_REG_MEM_BLOCK_reg[3][19]/U$1

Compared points are: Equivalent (reachable)
  (G) + 280   DFF  /Datapath/Register_inst/REG_MEM_BLOCK_reg[3][20]/U$1
  (R) + 251   DFF  /Datapath_Register_inst_REG_MEM_BLOCK_reg[3][20]/U$1

Compared points are: Equivalent (reachable)
  (G) + 281   DFF  /Datapath/Register_inst/REG_MEM_BLOCK_reg[3][21]/U$1
  (R) + 252   DFF  /Datapath_Register_inst_REG_MEM_BLOCK_reg[3][21]/U$1

Compared points are: Equivalent (reachable)
  (G) + 282   DFF  /Datapath/Register_inst/REG_MEM_BLOCK_reg[3][22]/U$1
  (R) + 253   DFF  /Datapath_Register_inst_REG_MEM_BLOCK_reg[3][22]/U$1

Compared points are: Equivalent (reachable)
  (G) + 283   DFF  /Datapath/Register_inst/REG_MEM_BLOCK_reg[3][23]/U$1
  (R) + 254   DFF  /Datapath_Register_inst_REG_MEM_BLOCK_reg[3][23]/U$1

Compared points are: Equivalent (reachable)
  (G) + 284   DFF  /Datapath/Register_inst/REG_MEM_BLOCK_reg[3][24]/U$1
  (R) + 255   DFF  /Datapath_Register_inst_REG_MEM_BLOCK_reg[3][24]/U$1

Compared points are: Equivalent (reachable)
  (G) + 285   DFF  /Datapath/Register_inst/REG_MEM_BLOCK_reg[3][25]/U$1
  (R) + 256   DFF  /Datapath_Register_inst_REG_MEM_BLOCK_reg[3][25]/U$1

Compared points are: Equivalent (reachable)
  (G) + 286   DFF  /Datapath/Register_inst/REG_MEM_BLOCK_reg[3][26]/U$1
  (R) + 257   DFF  /Datapath_Register_inst_REG_MEM_BLOCK_reg[3][26]/U$1

Compared points are: Equivalent (reachable)
  (G) + 287   DFF  /Datapath/Register_inst/REG_MEM_BLOCK_reg[3][27]/U$1
  (R) + 258   DFF  /Datapath_Register_inst_REG_MEM_BLOCK_reg[3][27]/U$1

Compared points are: Equivalent (reachable)
  (G) + 288   DFF  /Datapath/Register_inst/REG_MEM_BLOCK_reg[3][28]/U$1
  (R) + 259   DFF  /Datapath_Register_inst_REG_MEM_BLOCK_reg[3][28]/U$1

Compared points are: Equivalent (reachable)
  (G) + 289   DFF  /Datapath/Register_inst/REG_MEM_BLOCK_reg[3][29]/U$1
  (R) + 260   DFF  /Datapath_Register_inst_REG_MEM_BLOCK_reg[3][29]/U$1

Compared points are: Equivalent (reachable)
  (G) + 290   DFF  /Datapath/Register_inst/REG_MEM_BLOCK_reg[3][30]/U$1
  (R) + 261   DFF  /Datapath_Register_inst_REG_MEM_BLOCK_reg[3][30]/U$1

Compared points are: Equivalent (reachable)
  (G) + 291   DFF  /Datapath/Register_inst/REG_MEM_BLOCK_reg[3][31]/U$1
  (R) + 262   DFF  /Datapath_Register_inst_REG_MEM_BLOCK_reg[3][31]/U$1

Compared points are: Equivalent (reachable)
  (G) + 292   DFF  /Datapath/Register_inst/REG_MEM_BLOCK_reg[4][0]/U$1
  (R) + 263   DFF  /Datapath_Register_inst_REG_MEM_BLOCK_reg[4][0]/U$1

Compared points are: Equivalent (reachable)
  (G) + 293   DFF  /Datapath/Register_inst/REG_MEM_BLOCK_reg[4][1]/U$1
  (R) + 264   DFF  /Datapath_Register_inst_REG_MEM_BLOCK_reg[4][1]/U$1

Compared points are: Equivalent (reachable)
  (G) + 294   DFF  /Datapath/Register_inst/REG_MEM_BLOCK_reg[4][2]/U$1
  (R) + 265   DFF  /Datapath_Register_inst_REG_MEM_BLOCK_reg[4][2]/U$1

Compared points are: Equivalent (reachable)
  (G) + 295   DFF  /Datapath/Register_inst/REG_MEM_BLOCK_reg[4][3]/U$1
  (R) + 266   DFF  /Datapath_Register_inst_REG_MEM_BLOCK_reg[4][3]/U$1

Compared points are: Equivalent (reachable)
  (G) + 296   DFF  /Datapath/Register_inst/REG_MEM_BLOCK_reg[4][4]/U$1
  (R) + 267   DFF  /Datapath_Register_inst_REG_MEM_BLOCK_reg[4][4]/U$1

Compared points are: Equivalent (reachable)
  (G) + 297   DFF  /Datapath/Register_inst/REG_MEM_BLOCK_reg[4][5]/U$1
  (R) + 268   DFF  /Datapath_Register_inst_REG_MEM_BLOCK_reg[4][5]/U$1

Compared points are: Equivalent (reachable)
  (G) + 298   DFF  /Datapath/Register_inst/REG_MEM_BLOCK_reg[4][6]/U$1
  (R) + 269   DFF  /Datapath_Register_inst_REG_MEM_BLOCK_reg[4][6]/U$1

Compared points are: Equivalent (reachable)
  (G) + 299   DFF  /Datapath/Register_inst/REG_MEM_BLOCK_reg[4][7]/U$1
  (R) + 270   DFF  /Datapath_Register_inst_REG_MEM_BLOCK_reg[4][7]/U$1

Compared points are: Equivalent (reachable)
  (G) + 300   DFF  /Datapath/Register_inst/REG_MEM_BLOCK_reg[4][8]/U$1
  (R) + 271   DFF  /Datapath_Register_inst_REG_MEM_BLOCK_reg[4][8]/U$1

Compared points are: Equivalent (reachable)
  (G) + 301   DFF  /Datapath/Register_inst/REG_MEM_BLOCK_reg[4][9]/U$1
  (R) + 272   DFF  /Datapath_Register_inst_REG_MEM_BLOCK_reg[4][9]/U$1

Compared points are: Equivalent (reachable)
  (G) + 302   DFF  /Datapath/Register_inst/REG_MEM_BLOCK_reg[4][10]/U$1
  (R) + 273   DFF  /Datapath_Register_inst_REG_MEM_BLOCK_reg[4][10]/U$1

Compared points are: Equivalent (reachable)
  (G) + 303   DFF  /Datapath/Register_inst/REG_MEM_BLOCK_reg[4][11]/U$1
  (R) + 274   DFF  /Datapath_Register_inst_REG_MEM_BLOCK_reg[4][11]/U$1

Compared points are: Equivalent (reachable)
  (G) + 304   DFF  /Datapath/Register_inst/REG_MEM_BLOCK_reg[4][12]/U$1
  (R) + 275   DFF  /Datapath_Register_inst_REG_MEM_BLOCK_reg[4][12]/U$1

Compared points are: Equivalent (reachable)
  (G) + 305   DFF  /Datapath/Register_inst/REG_MEM_BLOCK_reg[4][13]/U$1
  (R) + 276   DFF  /Datapath_Register_inst_REG_MEM_BLOCK_reg[4][13]/U$1

Compared points are: Equivalent (reachable)
  (G) + 306   DFF  /Datapath/Register_inst/REG_MEM_BLOCK_reg[4][14]/U$1
  (R) + 277   DFF  /Datapath_Register_inst_REG_MEM_BLOCK_reg[4][14]/U$1

Compared points are: Equivalent (reachable)
  (G) + 307   DFF  /Datapath/Register_inst/REG_MEM_BLOCK_reg[4][15]/U$1
  (R) + 278   DFF  /Datapath_Register_inst_REG_MEM_BLOCK_reg[4][15]/U$1

Compared points are: Equivalent (reachable)
  (G) + 308   DFF  /Datapath/Register_inst/REG_MEM_BLOCK_reg[4][16]/U$1
  (R) + 279   DFF  /Datapath_Register_inst_REG_MEM_BLOCK_reg[4][16]/U$1

Compared points are: Equivalent (reachable)
  (G) + 309   DFF  /Datapath/Register_inst/REG_MEM_BLOCK_reg[4][17]/U$1
  (R) + 280   DFF  /Datapath_Register_inst_REG_MEM_BLOCK_reg[4][17]/U$1

Compared points are: Equivalent (reachable)
  (G) + 310   DFF  /Datapath/Register_inst/REG_MEM_BLOCK_reg[4][18]/U$1
  (R) + 281   DFF  /Datapath_Register_inst_REG_MEM_BLOCK_reg[4][18]/U$1

Compared points are: Equivalent (reachable)
  (G) + 311   DFF  /Datapath/Register_inst/REG_MEM_BLOCK_reg[4][19]/U$1
  (R) + 282   DFF  /Datapath_Register_inst_REG_MEM_BLOCK_reg[4][19]/U$1

Compared points are: Equivalent (reachable)
  (G) + 312   DFF  /Datapath/Register_inst/REG_MEM_BLOCK_reg[4][20]/U$1
  (R) + 283   DFF  /Datapath_Register_inst_REG_MEM_BLOCK_reg[4][20]/U$1

Compared points are: Equivalent (reachable)
  (G) + 313   DFF  /Datapath/Register_inst/REG_MEM_BLOCK_reg[4][21]/U$1
  (R) + 284   DFF  /Datapath_Register_inst_REG_MEM_BLOCK_reg[4][21]/U$1

Compared points are: Equivalent (reachable)
  (G) + 314   DFF  /Datapath/Register_inst/REG_MEM_BLOCK_reg[4][22]/U$1
  (R) + 285   DFF  /Datapath_Register_inst_REG_MEM_BLOCK_reg[4][22]/U$1

Compared points are: Equivalent (reachable)
  (G) + 315   DFF  /Datapath/Register_inst/REG_MEM_BLOCK_reg[4][23]/U$1
  (R) + 286   DFF  /Datapath_Register_inst_REG_MEM_BLOCK_reg[4][23]/U$1

Compared points are: Equivalent (reachable)
  (G) + 316   DFF  /Datapath/Register_inst/REG_MEM_BLOCK_reg[4][24]/U$1
  (R) + 287   DFF  /Datapath_Register_inst_REG_MEM_BLOCK_reg[4][24]/U$1

Compared points are: Equivalent (reachable)
  (G) + 317   DFF  /Datapath/Register_inst/REG_MEM_BLOCK_reg[4][25]/U$1
  (R) + 288   DFF  /Datapath_Register_inst_REG_MEM_BLOCK_reg[4][25]/U$1

Compared points are: Equivalent (reachable)
  (G) + 318   DFF  /Datapath/Register_inst/REG_MEM_BLOCK_reg[4][26]/U$1
  (R) + 289   DFF  /Datapath_Register_inst_REG_MEM_BLOCK_reg[4][26]/U$1

Compared points are: Equivalent (reachable)
  (G) + 319   DFF  /Datapath/Register_inst/REG_MEM_BLOCK_reg[4][27]/U$1
  (R) + 290   DFF  /Datapath_Register_inst_REG_MEM_BLOCK_reg[4][27]/U$1

Compared points are: Equivalent (reachable)
  (G) + 320   DFF  /Datapath/Register_inst/REG_MEM_BLOCK_reg[4][28]/U$1
  (R) + 291   DFF  /Datapath_Register_inst_REG_MEM_BLOCK_reg[4][28]/U$1

Compared points are: Equivalent (reachable)
  (G) + 321   DFF  /Datapath/Register_inst/REG_MEM_BLOCK_reg[4][29]/U$1
  (R) + 292   DFF  /Datapath_Register_inst_REG_MEM_BLOCK_reg[4][29]/U$1

Compared points are: Equivalent (reachable)
  (G) + 322   DFF  /Datapath/Register_inst/REG_MEM_BLOCK_reg[4][30]/U$1
  (R) + 293   DFF  /Datapath_Register_inst_REG_MEM_BLOCK_reg[4][30]/U$1

Compared points are: Equivalent (reachable)
  (G) + 323   DFF  /Datapath/Register_inst/REG_MEM_BLOCK_reg[4][31]/U$1
  (R) + 294   DFF  /Datapath_Register_inst_REG_MEM_BLOCK_reg[4][31]/U$1

Compared points are: Equivalent (reachable)
  (G) + 324   DFF  /Datapath/Register_inst/REG_MEM_BLOCK_reg[5][0]/U$1
  (R) + 295   DFF  /Datapath_Register_inst_REG_MEM_BLOCK_reg[5][0]/U$1

Compared points are: Equivalent (reachable)
  (G) + 325   DFF  /Datapath/Register_inst/REG_MEM_BLOCK_reg[5][1]/U$1
  (R) + 296   DFF  /Datapath_Register_inst_REG_MEM_BLOCK_reg[5][1]/U$1

Compared points are: Equivalent (reachable)
  (G) + 326   DFF  /Datapath/Register_inst/REG_MEM_BLOCK_reg[5][2]/U$1
  (R) + 297   DFF  /Datapath_Register_inst_REG_MEM_BLOCK_reg[5][2]/U$1

Compared points are: Equivalent (reachable)
  (G) + 327   DFF  /Datapath/Register_inst/REG_MEM_BLOCK_reg[5][3]/U$1
  (R) + 298   DFF  /Datapath_Register_inst_REG_MEM_BLOCK_reg[5][3]/U$1

Compared points are: Equivalent (reachable)
  (G) + 328   DFF  /Datapath/Register_inst/REG_MEM_BLOCK_reg[5][4]/U$1
  (R) + 299   DFF  /Datapath_Register_inst_REG_MEM_BLOCK_reg[5][4]/U$1

Compared points are: Equivalent (reachable)
  (G) + 329   DFF  /Datapath/Register_inst/REG_MEM_BLOCK_reg[5][5]/U$1
  (R) + 300   DFF  /Datapath_Register_inst_REG_MEM_BLOCK_reg[5][5]/U$1

Compared points are: Equivalent (reachable)
  (G) + 330   DFF  /Datapath/Register_inst/REG_MEM_BLOCK_reg[5][6]/U$1
  (R) + 301   DFF  /Datapath_Register_inst_REG_MEM_BLOCK_reg[5][6]/U$1

Compared points are: Equivalent (reachable)
  (G) + 331   DFF  /Datapath/Register_inst/REG_MEM_BLOCK_reg[5][7]/U$1
  (R) + 302   DFF  /Datapath_Register_inst_REG_MEM_BLOCK_reg[5][7]/U$1

Compared points are: Equivalent (reachable)
  (G) + 332   DFF  /Datapath/Register_inst/REG_MEM_BLOCK_reg[5][8]/U$1
  (R) + 303   DFF  /Datapath_Register_inst_REG_MEM_BLOCK_reg[5][8]/U$1

Compared points are: Equivalent (reachable)
  (G) + 333   DFF  /Datapath/Register_inst/REG_MEM_BLOCK_reg[5][9]/U$1
  (R) + 304   DFF  /Datapath_Register_inst_REG_MEM_BLOCK_reg[5][9]/U$1

Compared points are: Equivalent (reachable)
  (G) + 334   DFF  /Datapath/Register_inst/REG_MEM_BLOCK_reg[5][10]/U$1
  (R) + 305   DFF  /Datapath_Register_inst_REG_MEM_BLOCK_reg[5][10]/U$1

Compared points are: Equivalent (reachable)
  (G) + 335   DFF  /Datapath/Register_inst/REG_MEM_BLOCK_reg[5][11]/U$1
  (R) + 306   DFF  /Datapath_Register_inst_REG_MEM_BLOCK_reg[5][11]/U$1

Compared points are: Equivalent (reachable)
  (G) + 336   DFF  /Datapath/Register_inst/REG_MEM_BLOCK_reg[5][12]/U$1
  (R) + 307   DFF  /Datapath_Register_inst_REG_MEM_BLOCK_reg[5][12]/U$1

Compared points are: Equivalent (reachable)
  (G) + 337   DFF  /Datapath/Register_inst/REG_MEM_BLOCK_reg[5][13]/U$1
  (R) + 308   DFF  /Datapath_Register_inst_REG_MEM_BLOCK_reg[5][13]/U$1

Compared points are: Equivalent (reachable)
  (G) + 338   DFF  /Datapath/Register_inst/REG_MEM_BLOCK_reg[5][14]/U$1
  (R) + 309   DFF  /Datapath_Register_inst_REG_MEM_BLOCK_reg[5][14]/U$1

Compared points are: Equivalent (reachable)
  (G) + 339   DFF  /Datapath/Register_inst/REG_MEM_BLOCK_reg[5][15]/U$1
  (R) + 310   DFF  /Datapath_Register_inst_REG_MEM_BLOCK_reg[5][15]/U$1

Compared points are: Equivalent (reachable)
  (G) + 340   DFF  /Datapath/Register_inst/REG_MEM_BLOCK_reg[5][16]/U$1
  (R) + 311   DFF  /Datapath_Register_inst_REG_MEM_BLOCK_reg[5][16]/U$1

Compared points are: Equivalent (reachable)
  (G) + 341   DFF  /Datapath/Register_inst/REG_MEM_BLOCK_reg[5][17]/U$1
  (R) + 312   DFF  /Datapath_Register_inst_REG_MEM_BLOCK_reg[5][17]/U$1

Compared points are: Equivalent (reachable)
  (G) + 342   DFF  /Datapath/Register_inst/REG_MEM_BLOCK_reg[5][18]/U$1
  (R) + 313   DFF  /Datapath_Register_inst_REG_MEM_BLOCK_reg[5][18]/U$1

Compared points are: Equivalent (reachable)
  (G) + 343   DFF  /Datapath/Register_inst/REG_MEM_BLOCK_reg[5][19]/U$1
  (R) + 314   DFF  /Datapath_Register_inst_REG_MEM_BLOCK_reg[5][19]/U$1

Compared points are: Equivalent (reachable)
  (G) + 344   DFF  /Datapath/Register_inst/REG_MEM_BLOCK_reg[5][20]/U$1
  (R) + 315   DFF  /Datapath_Register_inst_REG_MEM_BLOCK_reg[5][20]/U$1

Compared points are: Equivalent (reachable)
  (G) + 345   DFF  /Datapath/Register_inst/REG_MEM_BLOCK_reg[5][21]/U$1
  (R) + 316   DFF  /Datapath_Register_inst_REG_MEM_BLOCK_reg[5][21]/U$1

Compared points are: Equivalent (reachable)
  (G) + 346   DFF  /Datapath/Register_inst/REG_MEM_BLOCK_reg[5][22]/U$1
  (R) + 317   DFF  /Datapath_Register_inst_REG_MEM_BLOCK_reg[5][22]/U$1

Compared points are: Equivalent (reachable)
  (G) + 347   DFF  /Datapath/Register_inst/REG_MEM_BLOCK_reg[5][23]/U$1
  (R) + 318   DFF  /Datapath_Register_inst_REG_MEM_BLOCK_reg[5][23]/U$1

Compared points are: Equivalent (reachable)
  (G) + 348   DFF  /Datapath/Register_inst/REG_MEM_BLOCK_reg[5][24]/U$1
  (R) + 319   DFF  /Datapath_Register_inst_REG_MEM_BLOCK_reg[5][24]/U$1

Compared points are: Equivalent (reachable)
  (G) + 349   DFF  /Datapath/Register_inst/REG_MEM_BLOCK_reg[5][25]/U$1
  (R) + 320   DFF  /Datapath_Register_inst_REG_MEM_BLOCK_reg[5][25]/U$1

Compared points are: Equivalent (reachable)
  (G) + 350   DFF  /Datapath/Register_inst/REG_MEM_BLOCK_reg[5][26]/U$1
  (R) + 321   DFF  /Datapath_Register_inst_REG_MEM_BLOCK_reg[5][26]/U$1

Compared points are: Equivalent (reachable)
  (G) + 351   DFF  /Datapath/Register_inst/REG_MEM_BLOCK_reg[5][27]/U$1
  (R) + 322   DFF  /Datapath_Register_inst_REG_MEM_BLOCK_reg[5][27]/U$1

Compared points are: Equivalent (reachable)
  (G) + 352   DFF  /Datapath/Register_inst/REG_MEM_BLOCK_reg[5][28]/U$1
  (R) + 323   DFF  /Datapath_Register_inst_REG_MEM_BLOCK_reg[5][28]/U$1

Compared points are: Equivalent (reachable)
  (G) + 353   DFF  /Datapath/Register_inst/REG_MEM_BLOCK_reg[5][29]/U$1
  (R) + 324   DFF  /Datapath_Register_inst_REG_MEM_BLOCK_reg[5][29]/U$1

Compared points are: Equivalent (reachable)
  (G) + 354   DFF  /Datapath/Register_inst/REG_MEM_BLOCK_reg[5][30]/U$1
  (R) + 325   DFF  /Datapath_Register_inst_REG_MEM_BLOCK_reg[5][30]/U$1

Compared points are: Equivalent (reachable)
  (G) + 355   DFF  /Datapath/Register_inst/REG_MEM_BLOCK_reg[5][31]/U$1
  (R) + 326   DFF  /Datapath_Register_inst_REG_MEM_BLOCK_reg[5][31]/U$1

Compared points are: Equivalent (reachable)
  (G) + 356   DFF  /Datapath/Register_inst/REG_MEM_BLOCK_reg[6][0]/U$1
  (R) + 327   DFF  /Datapath_Register_inst_REG_MEM_BLOCK_reg[6][0]/U$1

Compared points are: Equivalent (reachable)
  (G) + 357   DFF  /Datapath/Register_inst/REG_MEM_BLOCK_reg[6][1]/U$1
  (R) + 328   DFF  /Datapath_Register_inst_REG_MEM_BLOCK_reg[6][1]/U$1

Compared points are: Equivalent (reachable)
  (G) + 358   DFF  /Datapath/Register_inst/REG_MEM_BLOCK_reg[6][2]/U$1
  (R) + 329   DFF  /Datapath_Register_inst_REG_MEM_BLOCK_reg[6][2]/U$1

Compared points are: Equivalent (reachable)
  (G) + 359   DFF  /Datapath/Register_inst/REG_MEM_BLOCK_reg[6][3]/U$1
  (R) + 330   DFF  /Datapath_Register_inst_REG_MEM_BLOCK_reg[6][3]/U$1

Compared points are: Equivalent (reachable)
  (G) + 360   DFF  /Datapath/Register_inst/REG_MEM_BLOCK_reg[6][4]/U$1
  (R) + 331   DFF  /Datapath_Register_inst_REG_MEM_BLOCK_reg[6][4]/U$1

Compared points are: Equivalent (reachable)
  (G) + 361   DFF  /Datapath/Register_inst/REG_MEM_BLOCK_reg[6][5]/U$1
  (R) + 332   DFF  /Datapath_Register_inst_REG_MEM_BLOCK_reg[6][5]/U$1

Compared points are: Equivalent (reachable)
  (G) + 362   DFF  /Datapath/Register_inst/REG_MEM_BLOCK_reg[6][6]/U$1
  (R) + 333   DFF  /Datapath_Register_inst_REG_MEM_BLOCK_reg[6][6]/U$1

Compared points are: Equivalent (reachable)
  (G) + 363   DFF  /Datapath/Register_inst/REG_MEM_BLOCK_reg[6][7]/U$1
  (R) + 334   DFF  /Datapath_Register_inst_REG_MEM_BLOCK_reg[6][7]/U$1

Compared points are: Equivalent (reachable)
  (G) + 364   DFF  /Datapath/Register_inst/REG_MEM_BLOCK_reg[6][8]/U$1
  (R) + 335   DFF  /Datapath_Register_inst_REG_MEM_BLOCK_reg[6][8]/U$1

Compared points are: Equivalent (reachable)
  (G) + 365   DFF  /Datapath/Register_inst/REG_MEM_BLOCK_reg[6][9]/U$1
  (R) + 336   DFF  /Datapath_Register_inst_REG_MEM_BLOCK_reg[6][9]/U$1

Compared points are: Equivalent (reachable)
  (G) + 366   DFF  /Datapath/Register_inst/REG_MEM_BLOCK_reg[6][10]/U$1
  (R) + 337   DFF  /Datapath_Register_inst_REG_MEM_BLOCK_reg[6][10]/U$1

Compared points are: Equivalent (reachable)
  (G) + 367   DFF  /Datapath/Register_inst/REG_MEM_BLOCK_reg[6][11]/U$1
  (R) + 338   DFF  /Datapath_Register_inst_REG_MEM_BLOCK_reg[6][11]/U$1

Compared points are: Equivalent (reachable)
  (G) + 368   DFF  /Datapath/Register_inst/REG_MEM_BLOCK_reg[6][12]/U$1
  (R) + 339   DFF  /Datapath_Register_inst_REG_MEM_BLOCK_reg[6][12]/U$1

Compared points are: Equivalent (reachable)
  (G) + 369   DFF  /Datapath/Register_inst/REG_MEM_BLOCK_reg[6][13]/U$1
  (R) + 340   DFF  /Datapath_Register_inst_REG_MEM_BLOCK_reg[6][13]/U$1

Compared points are: Equivalent (reachable)
  (G) + 370   DFF  /Datapath/Register_inst/REG_MEM_BLOCK_reg[6][14]/U$1
  (R) + 341   DFF  /Datapath_Register_inst_REG_MEM_BLOCK_reg[6][14]/U$1

Compared points are: Equivalent (reachable)
  (G) + 371   DFF  /Datapath/Register_inst/REG_MEM_BLOCK_reg[6][15]/U$1
  (R) + 342   DFF  /Datapath_Register_inst_REG_MEM_BLOCK_reg[6][15]/U$1

Compared points are: Equivalent (reachable)
  (G) + 372   DFF  /Datapath/Register_inst/REG_MEM_BLOCK_reg[6][16]/U$1
  (R) + 343   DFF  /Datapath_Register_inst_REG_MEM_BLOCK_reg[6][16]/U$1

Compared points are: Equivalent (reachable)
  (G) + 373   DFF  /Datapath/Register_inst/REG_MEM_BLOCK_reg[6][17]/U$1
  (R) + 344   DFF  /Datapath_Register_inst_REG_MEM_BLOCK_reg[6][17]/U$1

Compared points are: Equivalent (reachable)
  (G) + 374   DFF  /Datapath/Register_inst/REG_MEM_BLOCK_reg[6][18]/U$1
  (R) + 345   DFF  /Datapath_Register_inst_REG_MEM_BLOCK_reg[6][18]/U$1

Compared points are: Equivalent (reachable)
  (G) + 375   DFF  /Datapath/Register_inst/REG_MEM_BLOCK_reg[6][19]/U$1
  (R) + 346   DFF  /Datapath_Register_inst_REG_MEM_BLOCK_reg[6][19]/U$1

Compared points are: Equivalent (reachable)
  (G) + 376   DFF  /Datapath/Register_inst/REG_MEM_BLOCK_reg[6][20]/U$1
  (R) + 347   DFF  /Datapath_Register_inst_REG_MEM_BLOCK_reg[6][20]/U$1

Compared points are: Equivalent (reachable)
  (G) + 377   DFF  /Datapath/Register_inst/REG_MEM_BLOCK_reg[6][21]/U$1
  (R) + 348   DFF  /Datapath_Register_inst_REG_MEM_BLOCK_reg[6][21]/U$1

Compared points are: Equivalent (reachable)
  (G) + 378   DFF  /Datapath/Register_inst/REG_MEM_BLOCK_reg[6][22]/U$1
  (R) + 349   DFF  /Datapath_Register_inst_REG_MEM_BLOCK_reg[6][22]/U$1

Compared points are: Equivalent (reachable)
  (G) + 379   DFF  /Datapath/Register_inst/REG_MEM_BLOCK_reg[6][23]/U$1
  (R) + 350   DFF  /Datapath_Register_inst_REG_MEM_BLOCK_reg[6][23]/U$1

Compared points are: Equivalent (reachable)
  (G) + 380   DFF  /Datapath/Register_inst/REG_MEM_BLOCK_reg[6][24]/U$1
  (R) + 351   DFF  /Datapath_Register_inst_REG_MEM_BLOCK_reg[6][24]/U$1

Compared points are: Equivalent (reachable)
  (G) + 381   DFF  /Datapath/Register_inst/REG_MEM_BLOCK_reg[6][25]/U$1
  (R) + 352   DFF  /Datapath_Register_inst_REG_MEM_BLOCK_reg[6][25]/U$1

Compared points are: Equivalent (reachable)
  (G) + 382   DFF  /Datapath/Register_inst/REG_MEM_BLOCK_reg[6][26]/U$1
  (R) + 353   DFF  /Datapath_Register_inst_REG_MEM_BLOCK_reg[6][26]/U$1

Compared points are: Equivalent (reachable)
  (G) + 383   DFF  /Datapath/Register_inst/REG_MEM_BLOCK_reg[6][27]/U$1
  (R) + 354   DFF  /Datapath_Register_inst_REG_MEM_BLOCK_reg[6][27]/U$1

Compared points are: Equivalent (reachable)
  (G) + 384   DFF  /Datapath/Register_inst/REG_MEM_BLOCK_reg[6][28]/U$1
  (R) + 355   DFF  /Datapath_Register_inst_REG_MEM_BLOCK_reg[6][28]/U$1

Compared points are: Equivalent (reachable)
  (G) + 385   DFF  /Datapath/Register_inst/REG_MEM_BLOCK_reg[6][29]/U$1
  (R) + 356   DFF  /Datapath_Register_inst_REG_MEM_BLOCK_reg[6][29]/U$1

Compared points are: Equivalent (reachable)
  (G) + 386   DFF  /Datapath/Register_inst/REG_MEM_BLOCK_reg[6][30]/U$1
  (R) + 357   DFF  /Datapath_Register_inst_REG_MEM_BLOCK_reg[6][30]/U$1

Compared points are: Equivalent (reachable)
  (G) + 387   DFF  /Datapath/Register_inst/REG_MEM_BLOCK_reg[6][31]/U$1
  (R) + 358   DFF  /Datapath_Register_inst_REG_MEM_BLOCK_reg[6][31]/U$1

Compared points are: Equivalent (reachable)
  (G) + 388   DFF  /Datapath/Register_inst/REG_MEM_BLOCK_reg[7][0]/U$1
  (R) + 359   DFF  /Datapath_Register_inst_REG_MEM_BLOCK_reg[7][0]/U$1

Compared points are: Equivalent (reachable)
  (G) + 389   DFF  /Datapath/Register_inst/REG_MEM_BLOCK_reg[7][1]/U$1
  (R) + 360   DFF  /Datapath_Register_inst_REG_MEM_BLOCK_reg[7][1]/U$1

Compared points are: Equivalent (reachable)
  (G) + 390   DFF  /Datapath/Register_inst/REG_MEM_BLOCK_reg[7][2]/U$1
  (R) + 361   DFF  /Datapath_Register_inst_REG_MEM_BLOCK_reg[7][2]/U$1

Compared points are: Equivalent (reachable)
  (G) + 391   DFF  /Datapath/Register_inst/REG_MEM_BLOCK_reg[7][3]/U$1
  (R) + 362   DFF  /Datapath_Register_inst_REG_MEM_BLOCK_reg[7][3]/U$1

Compared points are: Equivalent (reachable)
  (G) + 392   DFF  /Datapath/Register_inst/REG_MEM_BLOCK_reg[7][4]/U$1
  (R) + 363   DFF  /Datapath_Register_inst_REG_MEM_BLOCK_reg[7][4]/U$1

Compared points are: Equivalent (reachable)
  (G) + 393   DFF  /Datapath/Register_inst/REG_MEM_BLOCK_reg[7][5]/U$1
  (R) + 364   DFF  /Datapath_Register_inst_REG_MEM_BLOCK_reg[7][5]/U$1

Compared points are: Equivalent (reachable)
  (G) + 394   DFF  /Datapath/Register_inst/REG_MEM_BLOCK_reg[7][6]/U$1
  (R) + 365   DFF  /Datapath_Register_inst_REG_MEM_BLOCK_reg[7][6]/U$1

Compared points are: Equivalent (reachable)
  (G) + 395   DFF  /Datapath/Register_inst/REG_MEM_BLOCK_reg[7][7]/U$1
  (R) + 366   DFF  /Datapath_Register_inst_REG_MEM_BLOCK_reg[7][7]/U$1

Compared points are: Equivalent (reachable)
  (G) + 396   DFF  /Datapath/Register_inst/REG_MEM_BLOCK_reg[7][8]/U$1
  (R) + 367   DFF  /Datapath_Register_inst_REG_MEM_BLOCK_reg[7][8]/U$1

Compared points are: Equivalent (reachable)
  (G) + 397   DFF  /Datapath/Register_inst/REG_MEM_BLOCK_reg[7][9]/U$1
  (R) + 368   DFF  /Datapath_Register_inst_REG_MEM_BLOCK_reg[7][9]/U$1

Compared points are: Equivalent (reachable)
  (G) + 398   DFF  /Datapath/Register_inst/REG_MEM_BLOCK_reg[7][10]/U$1
  (R) + 369   DFF  /Datapath_Register_inst_REG_MEM_BLOCK_reg[7][10]/U$1

Compared points are: Equivalent (reachable)
  (G) + 399   DFF  /Datapath/Register_inst/REG_MEM_BLOCK_reg[7][11]/U$1
  (R) + 370   DFF  /Datapath_Register_inst_REG_MEM_BLOCK_reg[7][11]/U$1

Compared points are: Equivalent (reachable)
  (G) + 400   DFF  /Datapath/Register_inst/REG_MEM_BLOCK_reg[7][12]/U$1
  (R) + 371   DFF  /Datapath_Register_inst_REG_MEM_BLOCK_reg[7][12]/U$1

Compared points are: Equivalent (reachable)
  (G) + 401   DFF  /Datapath/Register_inst/REG_MEM_BLOCK_reg[7][13]/U$1
  (R) + 372   DFF  /Datapath_Register_inst_REG_MEM_BLOCK_reg[7][13]/U$1

Compared points are: Equivalent (reachable)
  (G) + 402   DFF  /Datapath/Register_inst/REG_MEM_BLOCK_reg[7][14]/U$1
  (R) + 373   DFF  /Datapath_Register_inst_REG_MEM_BLOCK_reg[7][14]/U$1

Compared points are: Equivalent (reachable)
  (G) + 403   DFF  /Datapath/Register_inst/REG_MEM_BLOCK_reg[7][15]/U$1
  (R) + 374   DFF  /Datapath_Register_inst_REG_MEM_BLOCK_reg[7][15]/U$1

Compared points are: Equivalent (reachable)
  (G) + 404   DFF  /Datapath/Register_inst/REG_MEM_BLOCK_reg[7][16]/U$1
  (R) + 375   DFF  /Datapath_Register_inst_REG_MEM_BLOCK_reg[7][16]/U$1

Compared points are: Equivalent (reachable)
  (G) + 405   DFF  /Datapath/Register_inst/REG_MEM_BLOCK_reg[7][17]/U$1
  (R) + 376   DFF  /Datapath_Register_inst_REG_MEM_BLOCK_reg[7][17]/U$1

Compared points are: Equivalent (reachable)
  (G) + 406   DFF  /Datapath/Register_inst/REG_MEM_BLOCK_reg[7][18]/U$1
  (R) + 377   DFF  /Datapath_Register_inst_REG_MEM_BLOCK_reg[7][18]/U$1

Compared points are: Equivalent (reachable)
  (G) + 407   DFF  /Datapath/Register_inst/REG_MEM_BLOCK_reg[7][19]/U$1
  (R) + 378   DFF  /Datapath_Register_inst_REG_MEM_BLOCK_reg[7][19]/U$1

Compared points are: Equivalent (reachable)
  (G) + 408   DFF  /Datapath/Register_inst/REG_MEM_BLOCK_reg[7][20]/U$1
  (R) + 379   DFF  /Datapath_Register_inst_REG_MEM_BLOCK_reg[7][20]/U$1

Compared points are: Equivalent (reachable)
  (G) + 409   DFF  /Datapath/Register_inst/REG_MEM_BLOCK_reg[7][21]/U$1
  (R) + 380   DFF  /Datapath_Register_inst_REG_MEM_BLOCK_reg[7][21]/U$1

Compared points are: Equivalent (reachable)
  (G) + 410   DFF  /Datapath/Register_inst/REG_MEM_BLOCK_reg[7][22]/U$1
  (R) + 381   DFF  /Datapath_Register_inst_REG_MEM_BLOCK_reg[7][22]/U$1

Compared points are: Equivalent (reachable)
  (G) + 411   DFF  /Datapath/Register_inst/REG_MEM_BLOCK_reg[7][23]/U$1
  (R) + 382   DFF  /Datapath_Register_inst_REG_MEM_BLOCK_reg[7][23]/U$1

Compared points are: Equivalent (reachable)
  (G) + 412   DFF  /Datapath/Register_inst/REG_MEM_BLOCK_reg[7][24]/U$1
  (R) + 383   DFF  /Datapath_Register_inst_REG_MEM_BLOCK_reg[7][24]/U$1

Compared points are: Equivalent (reachable)
  (G) + 413   DFF  /Datapath/Register_inst/REG_MEM_BLOCK_reg[7][25]/U$1
  (R) + 384   DFF  /Datapath_Register_inst_REG_MEM_BLOCK_reg[7][25]/U$1

Compared points are: Equivalent (reachable)
  (G) + 414   DFF  /Datapath/Register_inst/REG_MEM_BLOCK_reg[7][26]/U$1
  (R) + 385   DFF  /Datapath_Register_inst_REG_MEM_BLOCK_reg[7][26]/U$1

Compared points are: Equivalent (reachable)
  (G) + 415   DFF  /Datapath/Register_inst/REG_MEM_BLOCK_reg[7][27]/U$1
  (R) + 386   DFF  /Datapath_Register_inst_REG_MEM_BLOCK_reg[7][27]/U$1

Compared points are: Equivalent (reachable)
  (G) + 416   DFF  /Datapath/Register_inst/REG_MEM_BLOCK_reg[7][28]/U$1
  (R) + 387   DFF  /Datapath_Register_inst_REG_MEM_BLOCK_reg[7][28]/U$1

Compared points are: Equivalent (reachable)
  (G) + 417   DFF  /Datapath/Register_inst/REG_MEM_BLOCK_reg[7][29]/U$1
  (R) + 388   DFF  /Datapath_Register_inst_REG_MEM_BLOCK_reg[7][29]/U$1

Compared points are: Equivalent (reachable)
  (G) + 418   DFF  /Datapath/Register_inst/REG_MEM_BLOCK_reg[7][30]/U$1
  (R) + 389   DFF  /Datapath_Register_inst_REG_MEM_BLOCK_reg[7][30]/U$1

Compared points are: Equivalent (reachable)
  (G) + 419   DFF  /Datapath/Register_inst/REG_MEM_BLOCK_reg[7][31]/U$1
  (R) + 390   DFF  /Datapath_Register_inst_REG_MEM_BLOCK_reg[7][31]/U$1

Compared points are: Equivalent (reachable)
  (G) + 420   DFF  /Datapath/Register_inst/REG_MEM_BLOCK_reg[8][0]/U$1
  (R) + 391   DFF  /Datapath_Register_inst_REG_MEM_BLOCK_reg[8][0]/U$1

Compared points are: Equivalent (reachable)
  (G) + 421   DFF  /Datapath/Register_inst/REG_MEM_BLOCK_reg[8][1]/U$1
  (R) + 392   DFF  /Datapath_Register_inst_REG_MEM_BLOCK_reg[8][1]/U$1

Compared points are: Equivalent (reachable)
  (G) + 422   DFF  /Datapath/Register_inst/REG_MEM_BLOCK_reg[8][2]/U$1
  (R) + 393   DFF  /Datapath_Register_inst_REG_MEM_BLOCK_reg[8][2]/U$1

Compared points are: Equivalent (reachable)
  (G) + 423   DFF  /Datapath/Register_inst/REG_MEM_BLOCK_reg[8][3]/U$1
  (R) + 394   DFF  /Datapath_Register_inst_REG_MEM_BLOCK_reg[8][3]/U$1

Compared points are: Equivalent (reachable)
  (G) + 424   DFF  /Datapath/Register_inst/REG_MEM_BLOCK_reg[8][4]/U$1
  (R) + 395   DFF  /Datapath_Register_inst_REG_MEM_BLOCK_reg[8][4]/U$1

Compared points are: Equivalent (reachable)
  (G) + 425   DFF  /Datapath/Register_inst/REG_MEM_BLOCK_reg[8][5]/U$1
  (R) + 396   DFF  /Datapath_Register_inst_REG_MEM_BLOCK_reg[8][5]/U$1

Compared points are: Equivalent (reachable)
  (G) + 426   DFF  /Datapath/Register_inst/REG_MEM_BLOCK_reg[8][6]/U$1
  (R) + 397   DFF  /Datapath_Register_inst_REG_MEM_BLOCK_reg[8][6]/U$1

Compared points are: Equivalent (reachable)
  (G) + 427   DFF  /Datapath/Register_inst/REG_MEM_BLOCK_reg[8][7]/U$1
  (R) + 398   DFF  /Datapath_Register_inst_REG_MEM_BLOCK_reg[8][7]/U$1

Compared points are: Equivalent (reachable)
  (G) + 428   DFF  /Datapath/Register_inst/REG_MEM_BLOCK_reg[8][8]/U$1
  (R) + 399   DFF  /Datapath_Register_inst_REG_MEM_BLOCK_reg[8][8]/U$1

Compared points are: Equivalent (reachable)
  (G) + 429   DFF  /Datapath/Register_inst/REG_MEM_BLOCK_reg[8][9]/U$1
  (R) + 400   DFF  /Datapath_Register_inst_REG_MEM_BLOCK_reg[8][9]/U$1

Compared points are: Equivalent (reachable)
  (G) + 430   DFF  /Datapath/Register_inst/REG_MEM_BLOCK_reg[8][10]/U$1
  (R) + 401   DFF  /Datapath_Register_inst_REG_MEM_BLOCK_reg[8][10]/U$1

Compared points are: Equivalent (reachable)
  (G) + 431   DFF  /Datapath/Register_inst/REG_MEM_BLOCK_reg[8][11]/U$1
  (R) + 402   DFF  /Datapath_Register_inst_REG_MEM_BLOCK_reg[8][11]/U$1

Compared points are: Equivalent (reachable)
  (G) + 432   DFF  /Datapath/Register_inst/REG_MEM_BLOCK_reg[8][12]/U$1
  (R) + 403   DFF  /Datapath_Register_inst_REG_MEM_BLOCK_reg[8][12]/U$1

Compared points are: Equivalent (reachable)
  (G) + 433   DFF  /Datapath/Register_inst/REG_MEM_BLOCK_reg[8][13]/U$1
  (R) + 404   DFF  /Datapath_Register_inst_REG_MEM_BLOCK_reg[8][13]/U$1

Compared points are: Equivalent (reachable)
  (G) + 434   DFF  /Datapath/Register_inst/REG_MEM_BLOCK_reg[8][14]/U$1
  (R) + 405   DFF  /Datapath_Register_inst_REG_MEM_BLOCK_reg[8][14]/U$1

Compared points are: Equivalent (reachable)
  (G) + 435   DFF  /Datapath/Register_inst/REG_MEM_BLOCK_reg[8][15]/U$1
  (R) + 406   DFF  /Datapath_Register_inst_REG_MEM_BLOCK_reg[8][15]/U$1

Compared points are: Equivalent (reachable)
  (G) + 436   DFF  /Datapath/Register_inst/REG_MEM_BLOCK_reg[8][16]/U$1
  (R) + 407   DFF  /Datapath_Register_inst_REG_MEM_BLOCK_reg[8][16]/U$1

Compared points are: Equivalent (reachable)
  (G) + 437   DFF  /Datapath/Register_inst/REG_MEM_BLOCK_reg[8][17]/U$1
  (R) + 408   DFF  /Datapath_Register_inst_REG_MEM_BLOCK_reg[8][17]/U$1

Compared points are: Equivalent (reachable)
  (G) + 438   DFF  /Datapath/Register_inst/REG_MEM_BLOCK_reg[8][18]/U$1
  (R) + 409   DFF  /Datapath_Register_inst_REG_MEM_BLOCK_reg[8][18]/U$1

Compared points are: Equivalent (reachable)
  (G) + 439   DFF  /Datapath/Register_inst/REG_MEM_BLOCK_reg[8][19]/U$1
  (R) + 410   DFF  /Datapath_Register_inst_REG_MEM_BLOCK_reg[8][19]/U$1

Compared points are: Equivalent (reachable)
  (G) + 440   DFF  /Datapath/Register_inst/REG_MEM_BLOCK_reg[8][20]/U$1
  (R) + 411   DFF  /Datapath_Register_inst_REG_MEM_BLOCK_reg[8][20]/U$1

Compared points are: Equivalent (reachable)
  (G) + 441   DFF  /Datapath/Register_inst/REG_MEM_BLOCK_reg[8][21]/U$1
  (R) + 412   DFF  /Datapath_Register_inst_REG_MEM_BLOCK_reg[8][21]/U$1

Compared points are: Equivalent (reachable)
  (G) + 442   DFF  /Datapath/Register_inst/REG_MEM_BLOCK_reg[8][22]/U$1
  (R) + 413   DFF  /Datapath_Register_inst_REG_MEM_BLOCK_reg[8][22]/U$1

Compared points are: Equivalent (reachable)
  (G) + 443   DFF  /Datapath/Register_inst/REG_MEM_BLOCK_reg[8][23]/U$1
  (R) + 414   DFF  /Datapath_Register_inst_REG_MEM_BLOCK_reg[8][23]/U$1

Compared points are: Equivalent (reachable)
  (G) + 444   DFF  /Datapath/Register_inst/REG_MEM_BLOCK_reg[8][24]/U$1
  (R) + 415   DFF  /Datapath_Register_inst_REG_MEM_BLOCK_reg[8][24]/U$1

Compared points are: Equivalent (reachable)
  (G) + 445   DFF  /Datapath/Register_inst/REG_MEM_BLOCK_reg[8][25]/U$1
  (R) + 416   DFF  /Datapath_Register_inst_REG_MEM_BLOCK_reg[8][25]/U$1

Compared points are: Equivalent (reachable)
  (G) + 446   DFF  /Datapath/Register_inst/REG_MEM_BLOCK_reg[8][26]/U$1
  (R) + 417   DFF  /Datapath_Register_inst_REG_MEM_BLOCK_reg[8][26]/U$1

Compared points are: Equivalent (reachable)
  (G) + 447   DFF  /Datapath/Register_inst/REG_MEM_BLOCK_reg[8][27]/U$1
  (R) + 418   DFF  /Datapath_Register_inst_REG_MEM_BLOCK_reg[8][27]/U$1

Compared points are: Equivalent (reachable)
  (G) + 448   DFF  /Datapath/Register_inst/REG_MEM_BLOCK_reg[8][28]/U$1
  (R) + 419   DFF  /Datapath_Register_inst_REG_MEM_BLOCK_reg[8][28]/U$1

Compared points are: Equivalent (reachable)
  (G) + 449   DFF  /Datapath/Register_inst/REG_MEM_BLOCK_reg[8][29]/U$1
  (R) + 420   DFF  /Datapath_Register_inst_REG_MEM_BLOCK_reg[8][29]/U$1

Compared points are: Equivalent (reachable)
  (G) + 450   DFF  /Datapath/Register_inst/REG_MEM_BLOCK_reg[8][30]/U$1
  (R) + 421   DFF  /Datapath_Register_inst_REG_MEM_BLOCK_reg[8][30]/U$1

Compared points are: Equivalent (reachable)
  (G) + 451   DFF  /Datapath/Register_inst/REG_MEM_BLOCK_reg[8][31]/U$1
  (R) + 422   DFF  /Datapath_Register_inst_REG_MEM_BLOCK_reg[8][31]/U$1

Compared points are: Equivalent (reachable)
  (G) + 452   DFF  /Datapath/Register_inst/REG_MEM_BLOCK_reg[9][0]/U$1
  (R) + 423   DFF  /Datapath_Register_inst_REG_MEM_BLOCK_reg[9][0]/U$1

Compared points are: Equivalent (reachable)
  (G) + 453   DFF  /Datapath/Register_inst/REG_MEM_BLOCK_reg[9][1]/U$1
  (R) + 424   DFF  /Datapath_Register_inst_REG_MEM_BLOCK_reg[9][1]/U$1

Compared points are: Equivalent (reachable)
  (G) + 454   DFF  /Datapath/Register_inst/REG_MEM_BLOCK_reg[9][2]/U$1
  (R) + 425   DFF  /Datapath_Register_inst_REG_MEM_BLOCK_reg[9][2]/U$1

Compared points are: Equivalent (reachable)
  (G) + 455   DFF  /Datapath/Register_inst/REG_MEM_BLOCK_reg[9][3]/U$1
  (R) + 426   DFF  /Datapath_Register_inst_REG_MEM_BLOCK_reg[9][3]/U$1

Compared points are: Equivalent (reachable)
  (G) + 456   DFF  /Datapath/Register_inst/REG_MEM_BLOCK_reg[9][4]/U$1
  (R) + 427   DFF  /Datapath_Register_inst_REG_MEM_BLOCK_reg[9][4]/U$1

Compared points are: Equivalent (reachable)
  (G) + 457   DFF  /Datapath/Register_inst/REG_MEM_BLOCK_reg[9][5]/U$1
  (R) + 428   DFF  /Datapath_Register_inst_REG_MEM_BLOCK_reg[9][5]/U$1

Compared points are: Equivalent (reachable)
  (G) + 458   DFF  /Datapath/Register_inst/REG_MEM_BLOCK_reg[9][6]/U$1
  (R) + 429   DFF  /Datapath_Register_inst_REG_MEM_BLOCK_reg[9][6]/U$1

Compared points are: Equivalent (reachable)
  (G) + 459   DFF  /Datapath/Register_inst/REG_MEM_BLOCK_reg[9][7]/U$1
  (R) + 430   DFF  /Datapath_Register_inst_REG_MEM_BLOCK_reg[9][7]/U$1

Compared points are: Equivalent (reachable)
  (G) + 460   DFF  /Datapath/Register_inst/REG_MEM_BLOCK_reg[9][8]/U$1
  (R) + 431   DFF  /Datapath_Register_inst_REG_MEM_BLOCK_reg[9][8]/U$1

Compared points are: Equivalent (reachable)
  (G) + 461   DFF  /Datapath/Register_inst/REG_MEM_BLOCK_reg[9][9]/U$1
  (R) + 432   DFF  /Datapath_Register_inst_REG_MEM_BLOCK_reg[9][9]/U$1

Compared points are: Equivalent (reachable)
  (G) + 462   DFF  /Datapath/Register_inst/REG_MEM_BLOCK_reg[9][10]/U$1
  (R) + 433   DFF  /Datapath_Register_inst_REG_MEM_BLOCK_reg[9][10]/U$1

Compared points are: Equivalent (reachable)
  (G) + 463   DFF  /Datapath/Register_inst/REG_MEM_BLOCK_reg[9][11]/U$1
  (R) + 434   DFF  /Datapath_Register_inst_REG_MEM_BLOCK_reg[9][11]/U$1

Compared points are: Equivalent (reachable)
  (G) + 464   DFF  /Datapath/Register_inst/REG_MEM_BLOCK_reg[9][12]/U$1
  (R) + 435   DFF  /Datapath_Register_inst_REG_MEM_BLOCK_reg[9][12]/U$1

Compared points are: Equivalent (reachable)
  (G) + 465   DFF  /Datapath/Register_inst/REG_MEM_BLOCK_reg[9][13]/U$1
  (R) + 436   DFF  /Datapath_Register_inst_REG_MEM_BLOCK_reg[9][13]/U$1

Compared points are: Equivalent (reachable)
  (G) + 466   DFF  /Datapath/Register_inst/REG_MEM_BLOCK_reg[9][14]/U$1
  (R) + 437   DFF  /Datapath_Register_inst_REG_MEM_BLOCK_reg[9][14]/U$1

Compared points are: Equivalent (reachable)
  (G) + 467   DFF  /Datapath/Register_inst/REG_MEM_BLOCK_reg[9][15]/U$1
  (R) + 438   DFF  /Datapath_Register_inst_REG_MEM_BLOCK_reg[9][15]/U$1

Compared points are: Equivalent (reachable)
  (G) + 468   DFF  /Datapath/Register_inst/REG_MEM_BLOCK_reg[9][16]/U$1
  (R) + 439   DFF  /Datapath_Register_inst_REG_MEM_BLOCK_reg[9][16]/U$1

Compared points are: Equivalent (reachable)
  (G) + 469   DFF  /Datapath/Register_inst/REG_MEM_BLOCK_reg[9][17]/U$1
  (R) + 440   DFF  /Datapath_Register_inst_REG_MEM_BLOCK_reg[9][17]/U$1

Compared points are: Equivalent (reachable)
  (G) + 470   DFF  /Datapath/Register_inst/REG_MEM_BLOCK_reg[9][18]/U$1
  (R) + 441   DFF  /Datapath_Register_inst_REG_MEM_BLOCK_reg[9][18]/U$1

Compared points are: Equivalent (reachable)
  (G) + 471   DFF  /Datapath/Register_inst/REG_MEM_BLOCK_reg[9][19]/U$1
  (R) + 442   DFF  /Datapath_Register_inst_REG_MEM_BLOCK_reg[9][19]/U$1

Compared points are: Equivalent (reachable)
  (G) + 472   DFF  /Datapath/Register_inst/REG_MEM_BLOCK_reg[9][20]/U$1
  (R) + 443   DFF  /Datapath_Register_inst_REG_MEM_BLOCK_reg[9][20]/U$1

Compared points are: Equivalent (reachable)
  (G) + 473   DFF  /Datapath/Register_inst/REG_MEM_BLOCK_reg[9][21]/U$1
  (R) + 444   DFF  /Datapath_Register_inst_REG_MEM_BLOCK_reg[9][21]/U$1

Compared points are: Equivalent (reachable)
  (G) + 474   DFF  /Datapath/Register_inst/REG_MEM_BLOCK_reg[9][22]/U$1
  (R) + 445   DFF  /Datapath_Register_inst_REG_MEM_BLOCK_reg[9][22]/U$1

Compared points are: Equivalent (reachable)
  (G) + 475   DFF  /Datapath/Register_inst/REG_MEM_BLOCK_reg[9][23]/U$1
  (R) + 446   DFF  /Datapath_Register_inst_REG_MEM_BLOCK_reg[9][23]/U$1

Compared points are: Equivalent (reachable)
  (G) + 476   DFF  /Datapath/Register_inst/REG_MEM_BLOCK_reg[9][24]/U$1
  (R) + 447   DFF  /Datapath_Register_inst_REG_MEM_BLOCK_reg[9][24]/U$1

Compared points are: Equivalent (reachable)
  (G) + 477   DFF  /Datapath/Register_inst/REG_MEM_BLOCK_reg[9][25]/U$1
  (R) + 448   DFF  /Datapath_Register_inst_REG_MEM_BLOCK_reg[9][25]/U$1

Compared points are: Equivalent (reachable)
  (G) + 478   DFF  /Datapath/Register_inst/REG_MEM_BLOCK_reg[9][26]/U$1
  (R) + 449   DFF  /Datapath_Register_inst_REG_MEM_BLOCK_reg[9][26]/U$1

Compared points are: Equivalent (reachable)
  (G) + 479   DFF  /Datapath/Register_inst/REG_MEM_BLOCK_reg[9][27]/U$1
  (R) + 450   DFF  /Datapath_Register_inst_REG_MEM_BLOCK_reg[9][27]/U$1

Compared points are: Equivalent (reachable)
  (G) + 480   DFF  /Datapath/Register_inst/REG_MEM_BLOCK_reg[9][28]/U$1
  (R) + 451   DFF  /Datapath_Register_inst_REG_MEM_BLOCK_reg[9][28]/U$1

Compared points are: Equivalent (reachable)
  (G) + 481   DFF  /Datapath/Register_inst/REG_MEM_BLOCK_reg[9][29]/U$1
  (R) + 452   DFF  /Datapath_Register_inst_REG_MEM_BLOCK_reg[9][29]/U$1

Compared points are: Equivalent (reachable)
  (G) + 482   DFF  /Datapath/Register_inst/REG_MEM_BLOCK_reg[9][30]/U$1
  (R) + 453   DFF  /Datapath_Register_inst_REG_MEM_BLOCK_reg[9][30]/U$1

Compared points are: Equivalent (reachable)
  (G) + 483   DFF  /Datapath/Register_inst/REG_MEM_BLOCK_reg[9][31]/U$1
  (R) + 454   DFF  /Datapath_Register_inst_REG_MEM_BLOCK_reg[9][31]/U$1

Compared points are: Equivalent (reachable)
  (G) + 484   DFF  /Datapath/Register_inst/REG_MEM_BLOCK_reg[10][0]/U$1
  (R) + 455   DFF  /Datapath_Register_inst_REG_MEM_BLOCK_reg[10][0]/U$1

Compared points are: Equivalent (reachable)
  (G) + 485   DFF  /Datapath/Register_inst/REG_MEM_BLOCK_reg[10][1]/U$1
  (R) + 456   DFF  /Datapath_Register_inst_REG_MEM_BLOCK_reg[10][1]/U$1

Compared points are: Equivalent (reachable)
  (G) + 486   DFF  /Datapath/Register_inst/REG_MEM_BLOCK_reg[10][2]/U$1
  (R) + 457   DFF  /Datapath_Register_inst_REG_MEM_BLOCK_reg[10][2]/U$1

Compared points are: Equivalent (reachable)
  (G) + 487   DFF  /Datapath/Register_inst/REG_MEM_BLOCK_reg[10][3]/U$1
  (R) + 458   DFF  /Datapath_Register_inst_REG_MEM_BLOCK_reg[10][3]/U$1

Compared points are: Equivalent (reachable)
  (G) + 488   DFF  /Datapath/Register_inst/REG_MEM_BLOCK_reg[10][4]/U$1
  (R) + 459   DFF  /Datapath_Register_inst_REG_MEM_BLOCK_reg[10][4]/U$1

Compared points are: Equivalent (reachable)
  (G) + 489   DFF  /Datapath/Register_inst/REG_MEM_BLOCK_reg[10][5]/U$1
  (R) + 460   DFF  /Datapath_Register_inst_REG_MEM_BLOCK_reg[10][5]/U$1

Compared points are: Equivalent (reachable)
  (G) + 490   DFF  /Datapath/Register_inst/REG_MEM_BLOCK_reg[10][6]/U$1
  (R) + 461   DFF  /Datapath_Register_inst_REG_MEM_BLOCK_reg[10][6]/U$1

Compared points are: Equivalent (reachable)
  (G) + 491   DFF  /Datapath/Register_inst/REG_MEM_BLOCK_reg[10][7]/U$1
  (R) + 462   DFF  /Datapath_Register_inst_REG_MEM_BLOCK_reg[10][7]/U$1

Compared points are: Equivalent (reachable)
  (G) + 492   DFF  /Datapath/Register_inst/REG_MEM_BLOCK_reg[10][8]/U$1
  (R) + 463   DFF  /Datapath_Register_inst_REG_MEM_BLOCK_reg[10][8]/U$1

Compared points are: Equivalent (reachable)
  (G) + 493   DFF  /Datapath/Register_inst/REG_MEM_BLOCK_reg[10][9]/U$1
  (R) + 464   DFF  /Datapath_Register_inst_REG_MEM_BLOCK_reg[10][9]/U$1

Compared points are: Equivalent (reachable)
  (G) + 494   DFF  /Datapath/Register_inst/REG_MEM_BLOCK_reg[10][10]/U$1
  (R) + 465   DFF  /Datapath_Register_inst_REG_MEM_BLOCK_reg[10][10]/U$1

Compared points are: Equivalent (reachable)
  (G) + 495   DFF  /Datapath/Register_inst/REG_MEM_BLOCK_reg[10][11]/U$1
  (R) + 466   DFF  /Datapath_Register_inst_REG_MEM_BLOCK_reg[10][11]/U$1

Compared points are: Equivalent (reachable)
  (G) + 496   DFF  /Datapath/Register_inst/REG_MEM_BLOCK_reg[10][12]/U$1
  (R) + 467   DFF  /Datapath_Register_inst_REG_MEM_BLOCK_reg[10][12]/U$1

Compared points are: Equivalent (reachable)
  (G) + 497   DFF  /Datapath/Register_inst/REG_MEM_BLOCK_reg[10][13]/U$1
  (R) + 468   DFF  /Datapath_Register_inst_REG_MEM_BLOCK_reg[10][13]/U$1

Compared points are: Equivalent (reachable)
  (G) + 498   DFF  /Datapath/Register_inst/REG_MEM_BLOCK_reg[10][14]/U$1
  (R) + 469   DFF  /Datapath_Register_inst_REG_MEM_BLOCK_reg[10][14]/U$1

Compared points are: Equivalent (reachable)
  (G) + 499   DFF  /Datapath/Register_inst/REG_MEM_BLOCK_reg[10][15]/U$1
  (R) + 470   DFF  /Datapath_Register_inst_REG_MEM_BLOCK_reg[10][15]/U$1

Compared points are: Equivalent (reachable)
  (G) + 500   DFF  /Datapath/Register_inst/REG_MEM_BLOCK_reg[10][16]/U$1
  (R) + 471   DFF  /Datapath_Register_inst_REG_MEM_BLOCK_reg[10][16]/U$1

Compared points are: Equivalent (reachable)
  (G) + 501   DFF  /Datapath/Register_inst/REG_MEM_BLOCK_reg[10][17]/U$1
  (R) + 472   DFF  /Datapath_Register_inst_REG_MEM_BLOCK_reg[10][17]/U$1

Compared points are: Equivalent (reachable)
  (G) + 502   DFF  /Datapath/Register_inst/REG_MEM_BLOCK_reg[10][18]/U$1
  (R) + 473   DFF  /Datapath_Register_inst_REG_MEM_BLOCK_reg[10][18]/U$1

Compared points are: Equivalent (reachable)
  (G) + 503   DFF  /Datapath/Register_inst/REG_MEM_BLOCK_reg[10][19]/U$1
  (R) + 474   DFF  /Datapath_Register_inst_REG_MEM_BLOCK_reg[10][19]/U$1

Compared points are: Equivalent (reachable)
  (G) + 504   DFF  /Datapath/Register_inst/REG_MEM_BLOCK_reg[10][20]/U$1
  (R) + 475   DFF  /Datapath_Register_inst_REG_MEM_BLOCK_reg[10][20]/U$1

Compared points are: Equivalent (reachable)
  (G) + 505   DFF  /Datapath/Register_inst/REG_MEM_BLOCK_reg[10][21]/U$1
  (R) + 476   DFF  /Datapath_Register_inst_REG_MEM_BLOCK_reg[10][21]/U$1

Compared points are: Equivalent (reachable)
  (G) + 506   DFF  /Datapath/Register_inst/REG_MEM_BLOCK_reg[10][22]/U$1
  (R) + 477   DFF  /Datapath_Register_inst_REG_MEM_BLOCK_reg[10][22]/U$1

Compared points are: Equivalent (reachable)
  (G) + 507   DFF  /Datapath/Register_inst/REG_MEM_BLOCK_reg[10][23]/U$1
  (R) + 478   DFF  /Datapath_Register_inst_REG_MEM_BLOCK_reg[10][23]/U$1

Compared points are: Equivalent (reachable)
  (G) + 508   DFF  /Datapath/Register_inst/REG_MEM_BLOCK_reg[10][24]/U$1
  (R) + 479   DFF  /Datapath_Register_inst_REG_MEM_BLOCK_reg[10][24]/U$1

Compared points are: Equivalent (reachable)
  (G) + 509   DFF  /Datapath/Register_inst/REG_MEM_BLOCK_reg[10][25]/U$1
  (R) + 480   DFF  /Datapath_Register_inst_REG_MEM_BLOCK_reg[10][25]/U$1

Compared points are: Equivalent (reachable)
  (G) + 510   DFF  /Datapath/Register_inst/REG_MEM_BLOCK_reg[10][26]/U$1
  (R) + 481   DFF  /Datapath_Register_inst_REG_MEM_BLOCK_reg[10][26]/U$1

Compared points are: Equivalent (reachable)
  (G) + 511   DFF  /Datapath/Register_inst/REG_MEM_BLOCK_reg[10][27]/U$1
  (R) + 482   DFF  /Datapath_Register_inst_REG_MEM_BLOCK_reg[10][27]/U$1

Compared points are: Equivalent (reachable)
  (G) + 512   DFF  /Datapath/Register_inst/REG_MEM_BLOCK_reg[10][28]/U$1
  (R) + 483   DFF  /Datapath_Register_inst_REG_MEM_BLOCK_reg[10][28]/U$1

Compared points are: Equivalent (reachable)
  (G) + 513   DFF  /Datapath/Register_inst/REG_MEM_BLOCK_reg[10][29]/U$1
  (R) + 484   DFF  /Datapath_Register_inst_REG_MEM_BLOCK_reg[10][29]/U$1

Compared points are: Equivalent (reachable)
  (G) + 514   DFF  /Datapath/Register_inst/REG_MEM_BLOCK_reg[10][30]/U$1
  (R) + 485   DFF  /Datapath_Register_inst_REG_MEM_BLOCK_reg[10][30]/U$1

Compared points are: Equivalent (reachable)
  (G) + 515   DFF  /Datapath/Register_inst/REG_MEM_BLOCK_reg[10][31]/U$1
  (R) + 486   DFF  /Datapath_Register_inst_REG_MEM_BLOCK_reg[10][31]/U$1

Compared points are: Equivalent (reachable)
  (G) + 516   DFF  /Datapath/Register_inst/REG_MEM_BLOCK_reg[11][0]/U$1
  (R) + 487   DFF  /Datapath_Register_inst_REG_MEM_BLOCK_reg[11][0]/U$1

Compared points are: Equivalent (reachable)
  (G) + 517   DFF  /Datapath/Register_inst/REG_MEM_BLOCK_reg[11][1]/U$1
  (R) + 488   DFF  /Datapath_Register_inst_REG_MEM_BLOCK_reg[11][1]/U$1

Compared points are: Equivalent (reachable)
  (G) + 518   DFF  /Datapath/Register_inst/REG_MEM_BLOCK_reg[11][2]/U$1
  (R) + 489   DFF  /Datapath_Register_inst_REG_MEM_BLOCK_reg[11][2]/U$1

Compared points are: Equivalent (reachable)
  (G) + 519   DFF  /Datapath/Register_inst/REG_MEM_BLOCK_reg[11][3]/U$1
  (R) + 490   DFF  /Datapath_Register_inst_REG_MEM_BLOCK_reg[11][3]/U$1

Compared points are: Equivalent (reachable)
  (G) + 520   DFF  /Datapath/Register_inst/REG_MEM_BLOCK_reg[11][4]/U$1
  (R) + 491   DFF  /Datapath_Register_inst_REG_MEM_BLOCK_reg[11][4]/U$1

Compared points are: Equivalent (reachable)
  (G) + 521   DFF  /Datapath/Register_inst/REG_MEM_BLOCK_reg[11][5]/U$1
  (R) + 492   DFF  /Datapath_Register_inst_REG_MEM_BLOCK_reg[11][5]/U$1

Compared points are: Equivalent (reachable)
  (G) + 522   DFF  /Datapath/Register_inst/REG_MEM_BLOCK_reg[11][6]/U$1
  (R) + 493   DFF  /Datapath_Register_inst_REG_MEM_BLOCK_reg[11][6]/U$1

Compared points are: Equivalent (reachable)
  (G) + 523   DFF  /Datapath/Register_inst/REG_MEM_BLOCK_reg[11][7]/U$1
  (R) + 494   DFF  /Datapath_Register_inst_REG_MEM_BLOCK_reg[11][7]/U$1

Compared points are: Equivalent (reachable)
  (G) + 524   DFF  /Datapath/Register_inst/REG_MEM_BLOCK_reg[11][8]/U$1
  (R) + 495   DFF  /Datapath_Register_inst_REG_MEM_BLOCK_reg[11][8]/U$1

Compared points are: Equivalent (reachable)
  (G) + 525   DFF  /Datapath/Register_inst/REG_MEM_BLOCK_reg[11][9]/U$1
  (R) + 496   DFF  /Datapath_Register_inst_REG_MEM_BLOCK_reg[11][9]/U$1

Compared points are: Equivalent (reachable)
  (G) + 526   DFF  /Datapath/Register_inst/REG_MEM_BLOCK_reg[11][10]/U$1
  (R) + 497   DFF  /Datapath_Register_inst_REG_MEM_BLOCK_reg[11][10]/U$1

Compared points are: Equivalent (reachable)
  (G) + 527   DFF  /Datapath/Register_inst/REG_MEM_BLOCK_reg[11][11]/U$1
  (R) + 498   DFF  /Datapath_Register_inst_REG_MEM_BLOCK_reg[11][11]/U$1

Compared points are: Equivalent (reachable)
  (G) + 528   DFF  /Datapath/Register_inst/REG_MEM_BLOCK_reg[11][12]/U$1
  (R) + 499   DFF  /Datapath_Register_inst_REG_MEM_BLOCK_reg[11][12]/U$1

Compared points are: Equivalent (reachable)
  (G) + 529   DFF  /Datapath/Register_inst/REG_MEM_BLOCK_reg[11][13]/U$1
  (R) + 500   DFF  /Datapath_Register_inst_REG_MEM_BLOCK_reg[11][13]/U$1

Compared points are: Equivalent (reachable)
  (G) + 530   DFF  /Datapath/Register_inst/REG_MEM_BLOCK_reg[11][14]/U$1
  (R) + 501   DFF  /Datapath_Register_inst_REG_MEM_BLOCK_reg[11][14]/U$1

Compared points are: Equivalent (reachable)
  (G) + 531   DFF  /Datapath/Register_inst/REG_MEM_BLOCK_reg[11][15]/U$1
  (R) + 502   DFF  /Datapath_Register_inst_REG_MEM_BLOCK_reg[11][15]/U$1

Compared points are: Equivalent (reachable)
  (G) + 532   DFF  /Datapath/Register_inst/REG_MEM_BLOCK_reg[11][16]/U$1
  (R) + 503   DFF  /Datapath_Register_inst_REG_MEM_BLOCK_reg[11][16]/U$1

Compared points are: Equivalent (reachable)
  (G) + 533   DFF  /Datapath/Register_inst/REG_MEM_BLOCK_reg[11][17]/U$1
  (R) + 504   DFF  /Datapath_Register_inst_REG_MEM_BLOCK_reg[11][17]/U$1

Compared points are: Equivalent (reachable)
  (G) + 534   DFF  /Datapath/Register_inst/REG_MEM_BLOCK_reg[11][18]/U$1
  (R) + 505   DFF  /Datapath_Register_inst_REG_MEM_BLOCK_reg[11][18]/U$1

Compared points are: Equivalent (reachable)
  (G) + 535   DFF  /Datapath/Register_inst/REG_MEM_BLOCK_reg[11][19]/U$1
  (R) + 506   DFF  /Datapath_Register_inst_REG_MEM_BLOCK_reg[11][19]/U$1

Compared points are: Equivalent (reachable)
  (G) + 536   DFF  /Datapath/Register_inst/REG_MEM_BLOCK_reg[11][20]/U$1
  (R) + 507   DFF  /Datapath_Register_inst_REG_MEM_BLOCK_reg[11][20]/U$1

Compared points are: Equivalent (reachable)
  (G) + 537   DFF  /Datapath/Register_inst/REG_MEM_BLOCK_reg[11][21]/U$1
  (R) + 508   DFF  /Datapath_Register_inst_REG_MEM_BLOCK_reg[11][21]/U$1

Compared points are: Equivalent (reachable)
  (G) + 538   DFF  /Datapath/Register_inst/REG_MEM_BLOCK_reg[11][22]/U$1
  (R) + 509   DFF  /Datapath_Register_inst_REG_MEM_BLOCK_reg[11][22]/U$1

Compared points are: Equivalent (reachable)
  (G) + 539   DFF  /Datapath/Register_inst/REG_MEM_BLOCK_reg[11][23]/U$1
  (R) + 510   DFF  /Datapath_Register_inst_REG_MEM_BLOCK_reg[11][23]/U$1

Compared points are: Equivalent (reachable)
  (G) + 540   DFF  /Datapath/Register_inst/REG_MEM_BLOCK_reg[11][24]/U$1
  (R) + 511   DFF  /Datapath_Register_inst_REG_MEM_BLOCK_reg[11][24]/U$1

Compared points are: Equivalent (reachable)
  (G) + 541   DFF  /Datapath/Register_inst/REG_MEM_BLOCK_reg[11][25]/U$1
  (R) + 512   DFF  /Datapath_Register_inst_REG_MEM_BLOCK_reg[11][25]/U$1

Compared points are: Equivalent (reachable)
  (G) + 542   DFF  /Datapath/Register_inst/REG_MEM_BLOCK_reg[11][26]/U$1
  (R) + 513   DFF  /Datapath_Register_inst_REG_MEM_BLOCK_reg[11][26]/U$1

Compared points are: Equivalent (reachable)
  (G) + 543   DFF  /Datapath/Register_inst/REG_MEM_BLOCK_reg[11][27]/U$1
  (R) + 514   DFF  /Datapath_Register_inst_REG_MEM_BLOCK_reg[11][27]/U$1

Compared points are: Equivalent (reachable)
  (G) + 544   DFF  /Datapath/Register_inst/REG_MEM_BLOCK_reg[11][28]/U$1
  (R) + 515   DFF  /Datapath_Register_inst_REG_MEM_BLOCK_reg[11][28]/U$1

Compared points are: Equivalent (reachable)
  (G) + 545   DFF  /Datapath/Register_inst/REG_MEM_BLOCK_reg[11][29]/U$1
  (R) + 516   DFF  /Datapath_Register_inst_REG_MEM_BLOCK_reg[11][29]/U$1

Compared points are: Equivalent (reachable)
  (G) + 546   DFF  /Datapath/Register_inst/REG_MEM_BLOCK_reg[11][30]/U$1
  (R) + 517   DFF  /Datapath_Register_inst_REG_MEM_BLOCK_reg[11][30]/U$1

Compared points are: Equivalent (reachable)
  (G) + 547   DFF  /Datapath/Register_inst/REG_MEM_BLOCK_reg[11][31]/U$1
  (R) + 518   DFF  /Datapath_Register_inst_REG_MEM_BLOCK_reg[11][31]/U$1

Compared points are: Equivalent (reachable)
  (G) + 548   DFF  /Datapath/Register_inst/REG_MEM_BLOCK_reg[12][0]/U$1
  (R) + 519   DFF  /Datapath_Register_inst_REG_MEM_BLOCK_reg[12][0]/U$1

Compared points are: Equivalent (reachable)
  (G) + 549   DFF  /Datapath/Register_inst/REG_MEM_BLOCK_reg[12][1]/U$1
  (R) + 520   DFF  /Datapath_Register_inst_REG_MEM_BLOCK_reg[12][1]/U$1

Compared points are: Equivalent (reachable)
  (G) + 550   DFF  /Datapath/Register_inst/REG_MEM_BLOCK_reg[12][2]/U$1
  (R) + 521   DFF  /Datapath_Register_inst_REG_MEM_BLOCK_reg[12][2]/U$1

Compared points are: Equivalent (reachable)
  (G) + 551   DFF  /Datapath/Register_inst/REG_MEM_BLOCK_reg[12][3]/U$1
  (R) + 522   DFF  /Datapath_Register_inst_REG_MEM_BLOCK_reg[12][3]/U$1

Compared points are: Equivalent (reachable)
  (G) + 552   DFF  /Datapath/Register_inst/REG_MEM_BLOCK_reg[12][4]/U$1
  (R) + 523   DFF  /Datapath_Register_inst_REG_MEM_BLOCK_reg[12][4]/U$1

Compared points are: Equivalent (reachable)
  (G) + 553   DFF  /Datapath/Register_inst/REG_MEM_BLOCK_reg[12][5]/U$1
  (R) + 524   DFF  /Datapath_Register_inst_REG_MEM_BLOCK_reg[12][5]/U$1

Compared points are: Equivalent (reachable)
  (G) + 554   DFF  /Datapath/Register_inst/REG_MEM_BLOCK_reg[12][6]/U$1
  (R) + 525   DFF  /Datapath_Register_inst_REG_MEM_BLOCK_reg[12][6]/U$1

Compared points are: Equivalent (reachable)
  (G) + 555   DFF  /Datapath/Register_inst/REG_MEM_BLOCK_reg[12][7]/U$1
  (R) + 526   DFF  /Datapath_Register_inst_REG_MEM_BLOCK_reg[12][7]/U$1

Compared points are: Equivalent (reachable)
  (G) + 556   DFF  /Datapath/Register_inst/REG_MEM_BLOCK_reg[12][8]/U$1
  (R) + 527   DFF  /Datapath_Register_inst_REG_MEM_BLOCK_reg[12][8]/U$1

Compared points are: Equivalent (reachable)
  (G) + 557   DFF  /Datapath/Register_inst/REG_MEM_BLOCK_reg[12][9]/U$1
  (R) + 528   DFF  /Datapath_Register_inst_REG_MEM_BLOCK_reg[12][9]/U$1

Compared points are: Equivalent (reachable)
  (G) + 558   DFF  /Datapath/Register_inst/REG_MEM_BLOCK_reg[12][10]/U$1
  (R) + 529   DFF  /Datapath_Register_inst_REG_MEM_BLOCK_reg[12][10]/U$1

Compared points are: Equivalent (reachable)
  (G) + 559   DFF  /Datapath/Register_inst/REG_MEM_BLOCK_reg[12][11]/U$1
  (R) + 530   DFF  /Datapath_Register_inst_REG_MEM_BLOCK_reg[12][11]/U$1

Compared points are: Equivalent (reachable)
  (G) + 560   DFF  /Datapath/Register_inst/REG_MEM_BLOCK_reg[12][12]/U$1
  (R) + 531   DFF  /Datapath_Register_inst_REG_MEM_BLOCK_reg[12][12]/U$1

Compared points are: Equivalent (reachable)
  (G) + 561   DFF  /Datapath/Register_inst/REG_MEM_BLOCK_reg[12][13]/U$1
  (R) + 532   DFF  /Datapath_Register_inst_REG_MEM_BLOCK_reg[12][13]/U$1

Compared points are: Equivalent (reachable)
  (G) + 562   DFF  /Datapath/Register_inst/REG_MEM_BLOCK_reg[12][14]/U$1
  (R) + 533   DFF  /Datapath_Register_inst_REG_MEM_BLOCK_reg[12][14]/U$1

Compared points are: Equivalent (reachable)
  (G) + 563   DFF  /Datapath/Register_inst/REG_MEM_BLOCK_reg[12][15]/U$1
  (R) + 534   DFF  /Datapath_Register_inst_REG_MEM_BLOCK_reg[12][15]/U$1

Compared points are: Equivalent (reachable)
  (G) + 564   DFF  /Datapath/Register_inst/REG_MEM_BLOCK_reg[12][16]/U$1
  (R) + 535   DFF  /Datapath_Register_inst_REG_MEM_BLOCK_reg[12][16]/U$1

Compared points are: Equivalent (reachable)
  (G) + 565   DFF  /Datapath/Register_inst/REG_MEM_BLOCK_reg[12][17]/U$1
  (R) + 536   DFF  /Datapath_Register_inst_REG_MEM_BLOCK_reg[12][17]/U$1

Compared points are: Equivalent (reachable)
  (G) + 566   DFF  /Datapath/Register_inst/REG_MEM_BLOCK_reg[12][18]/U$1
  (R) + 537   DFF  /Datapath_Register_inst_REG_MEM_BLOCK_reg[12][18]/U$1

Compared points are: Equivalent (reachable)
  (G) + 567   DFF  /Datapath/Register_inst/REG_MEM_BLOCK_reg[12][19]/U$1
  (R) + 538   DFF  /Datapath_Register_inst_REG_MEM_BLOCK_reg[12][19]/U$1

Compared points are: Equivalent (reachable)
  (G) + 568   DFF  /Datapath/Register_inst/REG_MEM_BLOCK_reg[12][20]/U$1
  (R) + 539   DFF  /Datapath_Register_inst_REG_MEM_BLOCK_reg[12][20]/U$1

Compared points are: Equivalent (reachable)
  (G) + 569   DFF  /Datapath/Register_inst/REG_MEM_BLOCK_reg[12][21]/U$1
  (R) + 540   DFF  /Datapath_Register_inst_REG_MEM_BLOCK_reg[12][21]/U$1

Compared points are: Equivalent (reachable)
  (G) + 570   DFF  /Datapath/Register_inst/REG_MEM_BLOCK_reg[12][22]/U$1
  (R) + 541   DFF  /Datapath_Register_inst_REG_MEM_BLOCK_reg[12][22]/U$1

Compared points are: Equivalent (reachable)
  (G) + 571   DFF  /Datapath/Register_inst/REG_MEM_BLOCK_reg[12][23]/U$1
  (R) + 542   DFF  /Datapath_Register_inst_REG_MEM_BLOCK_reg[12][23]/U$1

Compared points are: Equivalent (reachable)
  (G) + 572   DFF  /Datapath/Register_inst/REG_MEM_BLOCK_reg[12][24]/U$1
  (R) + 543   DFF  /Datapath_Register_inst_REG_MEM_BLOCK_reg[12][24]/U$1

Compared points are: Equivalent (reachable)
  (G) + 573   DFF  /Datapath/Register_inst/REG_MEM_BLOCK_reg[12][25]/U$1
  (R) + 544   DFF  /Datapath_Register_inst_REG_MEM_BLOCK_reg[12][25]/U$1

Compared points are: Equivalent (reachable)
  (G) + 574   DFF  /Datapath/Register_inst/REG_MEM_BLOCK_reg[12][26]/U$1
  (R) + 545   DFF  /Datapath_Register_inst_REG_MEM_BLOCK_reg[12][26]/U$1

Compared points are: Equivalent (reachable)
  (G) + 575   DFF  /Datapath/Register_inst/REG_MEM_BLOCK_reg[12][27]/U$1
  (R) + 546   DFF  /Datapath_Register_inst_REG_MEM_BLOCK_reg[12][27]/U$1

Compared points are: Equivalent (reachable)
  (G) + 576   DFF  /Datapath/Register_inst/REG_MEM_BLOCK_reg[12][28]/U$1
  (R) + 547   DFF  /Datapath_Register_inst_REG_MEM_BLOCK_reg[12][28]/U$1

Compared points are: Equivalent (reachable)
  (G) + 577   DFF  /Datapath/Register_inst/REG_MEM_BLOCK_reg[12][29]/U$1
  (R) + 548   DFF  /Datapath_Register_inst_REG_MEM_BLOCK_reg[12][29]/U$1

Compared points are: Equivalent (reachable)
  (G) + 578   DFF  /Datapath/Register_inst/REG_MEM_BLOCK_reg[12][30]/U$1
  (R) + 549   DFF  /Datapath_Register_inst_REG_MEM_BLOCK_reg[12][30]/U$1

Compared points are: Equivalent (reachable)
  (G) + 579   DFF  /Datapath/Register_inst/REG_MEM_BLOCK_reg[12][31]/U$1
  (R) + 550   DFF  /Datapath_Register_inst_REG_MEM_BLOCK_reg[12][31]/U$1

Compared points are: Equivalent (reachable)
  (G) + 580   DFF  /Datapath/Register_inst/REG_MEM_BLOCK_reg[13][0]/U$1
  (R) + 551   DFF  /Datapath_Register_inst_REG_MEM_BLOCK_reg[13][0]/U$1

Compared points are: Equivalent (reachable)
  (G) + 581   DFF  /Datapath/Register_inst/REG_MEM_BLOCK_reg[13][1]/U$1
  (R) + 552   DFF  /Datapath_Register_inst_REG_MEM_BLOCK_reg[13][1]/U$1

Compared points are: Equivalent (reachable)
  (G) + 582   DFF  /Datapath/Register_inst/REG_MEM_BLOCK_reg[13][2]/U$1
  (R) + 553   DFF  /Datapath_Register_inst_REG_MEM_BLOCK_reg[13][2]/U$1

Compared points are: Equivalent (reachable)
  (G) + 583   DFF  /Datapath/Register_inst/REG_MEM_BLOCK_reg[13][3]/U$1
  (R) + 554   DFF  /Datapath_Register_inst_REG_MEM_BLOCK_reg[13][3]/U$1

Compared points are: Equivalent (reachable)
  (G) + 584   DFF  /Datapath/Register_inst/REG_MEM_BLOCK_reg[13][4]/U$1
  (R) + 555   DFF  /Datapath_Register_inst_REG_MEM_BLOCK_reg[13][4]/U$1

Compared points are: Equivalent (reachable)
  (G) + 585   DFF  /Datapath/Register_inst/REG_MEM_BLOCK_reg[13][5]/U$1
  (R) + 556   DFF  /Datapath_Register_inst_REG_MEM_BLOCK_reg[13][5]/U$1

Compared points are: Equivalent (reachable)
  (G) + 586   DFF  /Datapath/Register_inst/REG_MEM_BLOCK_reg[13][6]/U$1
  (R) + 557   DFF  /Datapath_Register_inst_REG_MEM_BLOCK_reg[13][6]/U$1

Compared points are: Equivalent (reachable)
  (G) + 587   DFF  /Datapath/Register_inst/REG_MEM_BLOCK_reg[13][7]/U$1
  (R) + 558   DFF  /Datapath_Register_inst_REG_MEM_BLOCK_reg[13][7]/U$1

Compared points are: Equivalent (reachable)
  (G) + 588   DFF  /Datapath/Register_inst/REG_MEM_BLOCK_reg[13][8]/U$1
  (R) + 559   DFF  /Datapath_Register_inst_REG_MEM_BLOCK_reg[13][8]/U$1

Compared points are: Equivalent (reachable)
  (G) + 589   DFF  /Datapath/Register_inst/REG_MEM_BLOCK_reg[13][9]/U$1
  (R) + 560   DFF  /Datapath_Register_inst_REG_MEM_BLOCK_reg[13][9]/U$1

Compared points are: Equivalent (reachable)
  (G) + 590   DFF  /Datapath/Register_inst/REG_MEM_BLOCK_reg[13][10]/U$1
  (R) + 561   DFF  /Datapath_Register_inst_REG_MEM_BLOCK_reg[13][10]/U$1

Compared points are: Equivalent (reachable)
  (G) + 591   DFF  /Datapath/Register_inst/REG_MEM_BLOCK_reg[13][11]/U$1
  (R) + 562   DFF  /Datapath_Register_inst_REG_MEM_BLOCK_reg[13][11]/U$1

Compared points are: Equivalent (reachable)
  (G) + 592   DFF  /Datapath/Register_inst/REG_MEM_BLOCK_reg[13][12]/U$1
  (R) + 563   DFF  /Datapath_Register_inst_REG_MEM_BLOCK_reg[13][12]/U$1

Compared points are: Equivalent (reachable)
  (G) + 593   DFF  /Datapath/Register_inst/REG_MEM_BLOCK_reg[13][13]/U$1
  (R) + 564   DFF  /Datapath_Register_inst_REG_MEM_BLOCK_reg[13][13]/U$1

Compared points are: Equivalent (reachable)
  (G) + 594   DFF  /Datapath/Register_inst/REG_MEM_BLOCK_reg[13][14]/U$1
  (R) + 565   DFF  /Datapath_Register_inst_REG_MEM_BLOCK_reg[13][14]/U$1

Compared points are: Equivalent (reachable)
  (G) + 595   DFF  /Datapath/Register_inst/REG_MEM_BLOCK_reg[13][15]/U$1
  (R) + 566   DFF  /Datapath_Register_inst_REG_MEM_BLOCK_reg[13][15]/U$1

Compared points are: Equivalent (reachable)
  (G) + 596   DFF  /Datapath/Register_inst/REG_MEM_BLOCK_reg[13][16]/U$1
  (R) + 567   DFF  /Datapath_Register_inst_REG_MEM_BLOCK_reg[13][16]/U$1

Compared points are: Equivalent (reachable)
  (G) + 597   DFF  /Datapath/Register_inst/REG_MEM_BLOCK_reg[13][17]/U$1
  (R) + 568   DFF  /Datapath_Register_inst_REG_MEM_BLOCK_reg[13][17]/U$1

Compared points are: Equivalent (reachable)
  (G) + 598   DFF  /Datapath/Register_inst/REG_MEM_BLOCK_reg[13][18]/U$1
  (R) + 569   DFF  /Datapath_Register_inst_REG_MEM_BLOCK_reg[13][18]/U$1

Compared points are: Equivalent (reachable)
  (G) + 599   DFF  /Datapath/Register_inst/REG_MEM_BLOCK_reg[13][19]/U$1
  (R) + 570   DFF  /Datapath_Register_inst_REG_MEM_BLOCK_reg[13][19]/U$1

Compared points are: Equivalent (reachable)
  (G) + 600   DFF  /Datapath/Register_inst/REG_MEM_BLOCK_reg[13][20]/U$1
  (R) + 571   DFF  /Datapath_Register_inst_REG_MEM_BLOCK_reg[13][20]/U$1

Compared points are: Equivalent (reachable)
  (G) + 601   DFF  /Datapath/Register_inst/REG_MEM_BLOCK_reg[13][21]/U$1
  (R) + 572   DFF  /Datapath_Register_inst_REG_MEM_BLOCK_reg[13][21]/U$1

Compared points are: Equivalent (reachable)
  (G) + 602   DFF  /Datapath/Register_inst/REG_MEM_BLOCK_reg[13][22]/U$1
  (R) + 573   DFF  /Datapath_Register_inst_REG_MEM_BLOCK_reg[13][22]/U$1

Compared points are: Equivalent (reachable)
  (G) + 603   DFF  /Datapath/Register_inst/REG_MEM_BLOCK_reg[13][23]/U$1
  (R) + 574   DFF  /Datapath_Register_inst_REG_MEM_BLOCK_reg[13][23]/U$1

Compared points are: Equivalent (reachable)
  (G) + 604   DFF  /Datapath/Register_inst/REG_MEM_BLOCK_reg[13][24]/U$1
  (R) + 575   DFF  /Datapath_Register_inst_REG_MEM_BLOCK_reg[13][24]/U$1

Compared points are: Equivalent (reachable)
  (G) + 605   DFF  /Datapath/Register_inst/REG_MEM_BLOCK_reg[13][25]/U$1
  (R) + 576   DFF  /Datapath_Register_inst_REG_MEM_BLOCK_reg[13][25]/U$1

Compared points are: Equivalent (reachable)
  (G) + 606   DFF  /Datapath/Register_inst/REG_MEM_BLOCK_reg[13][26]/U$1
  (R) + 577   DFF  /Datapath_Register_inst_REG_MEM_BLOCK_reg[13][26]/U$1

Compared points are: Equivalent (reachable)
  (G) + 607   DFF  /Datapath/Register_inst/REG_MEM_BLOCK_reg[13][27]/U$1
  (R) + 578   DFF  /Datapath_Register_inst_REG_MEM_BLOCK_reg[13][27]/U$1

Compared points are: Equivalent (reachable)
  (G) + 608   DFF  /Datapath/Register_inst/REG_MEM_BLOCK_reg[13][28]/U$1
  (R) + 579   DFF  /Datapath_Register_inst_REG_MEM_BLOCK_reg[13][28]/U$1

Compared points are: Equivalent (reachable)
  (G) + 609   DFF  /Datapath/Register_inst/REG_MEM_BLOCK_reg[13][29]/U$1
  (R) + 580   DFF  /Datapath_Register_inst_REG_MEM_BLOCK_reg[13][29]/U$1

Compared points are: Equivalent (reachable)
  (G) + 610   DFF  /Datapath/Register_inst/REG_MEM_BLOCK_reg[13][30]/U$1
  (R) + 581   DFF  /Datapath_Register_inst_REG_MEM_BLOCK_reg[13][30]/U$1

Compared points are: Equivalent (reachable)
  (G) + 611   DFF  /Datapath/Register_inst/REG_MEM_BLOCK_reg[13][31]/U$1
  (R) + 582   DFF  /Datapath_Register_inst_REG_MEM_BLOCK_reg[13][31]/U$1

Compared points are: Equivalent (reachable)
  (G) + 612   DFF  /Datapath/Register_inst/REG_MEM_BLOCK_reg[14][0]/U$1
  (R) + 583   DFF  /Datapath_Register_inst_REG_MEM_BLOCK_reg[14][0]/U$1

Compared points are: Equivalent (reachable)
  (G) + 613   DFF  /Datapath/Register_inst/REG_MEM_BLOCK_reg[14][1]/U$1
  (R) + 584   DFF  /Datapath_Register_inst_REG_MEM_BLOCK_reg[14][1]/U$1

Compared points are: Equivalent (reachable)
  (G) + 614   DFF  /Datapath/Register_inst/REG_MEM_BLOCK_reg[14][2]/U$1
  (R) + 585   DFF  /Datapath_Register_inst_REG_MEM_BLOCK_reg[14][2]/U$1

Compared points are: Equivalent (reachable)
  (G) + 615   DFF  /Datapath/Register_inst/REG_MEM_BLOCK_reg[14][3]/U$1
  (R) + 586   DFF  /Datapath_Register_inst_REG_MEM_BLOCK_reg[14][3]/U$1

Compared points are: Equivalent (reachable)
  (G) + 616   DFF  /Datapath/Register_inst/REG_MEM_BLOCK_reg[14][4]/U$1
  (R) + 587   DFF  /Datapath_Register_inst_REG_MEM_BLOCK_reg[14][4]/U$1

Compared points are: Equivalent (reachable)
  (G) + 617   DFF  /Datapath/Register_inst/REG_MEM_BLOCK_reg[14][5]/U$1
  (R) + 588   DFF  /Datapath_Register_inst_REG_MEM_BLOCK_reg[14][5]/U$1

Compared points are: Equivalent (reachable)
  (G) + 618   DFF  /Datapath/Register_inst/REG_MEM_BLOCK_reg[14][6]/U$1
  (R) + 589   DFF  /Datapath_Register_inst_REG_MEM_BLOCK_reg[14][6]/U$1

Compared points are: Equivalent (reachable)
  (G) + 619   DFF  /Datapath/Register_inst/REG_MEM_BLOCK_reg[14][7]/U$1
  (R) + 590   DFF  /Datapath_Register_inst_REG_MEM_BLOCK_reg[14][7]/U$1

Compared points are: Equivalent (reachable)
  (G) + 620   DFF  /Datapath/Register_inst/REG_MEM_BLOCK_reg[14][8]/U$1
  (R) + 591   DFF  /Datapath_Register_inst_REG_MEM_BLOCK_reg[14][8]/U$1

Compared points are: Equivalent (reachable)
  (G) + 621   DFF  /Datapath/Register_inst/REG_MEM_BLOCK_reg[14][9]/U$1
  (R) + 592   DFF  /Datapath_Register_inst_REG_MEM_BLOCK_reg[14][9]/U$1

Compared points are: Equivalent (reachable)
  (G) + 622   DFF  /Datapath/Register_inst/REG_MEM_BLOCK_reg[14][10]/U$1
  (R) + 593   DFF  /Datapath_Register_inst_REG_MEM_BLOCK_reg[14][10]/U$1

Compared points are: Equivalent (reachable)
  (G) + 623   DFF  /Datapath/Register_inst/REG_MEM_BLOCK_reg[14][11]/U$1
  (R) + 594   DFF  /Datapath_Register_inst_REG_MEM_BLOCK_reg[14][11]/U$1

Compared points are: Equivalent (reachable)
  (G) + 624   DFF  /Datapath/Register_inst/REG_MEM_BLOCK_reg[14][12]/U$1
  (R) + 595   DFF  /Datapath_Register_inst_REG_MEM_BLOCK_reg[14][12]/U$1

Compared points are: Equivalent (reachable)
  (G) + 625   DFF  /Datapath/Register_inst/REG_MEM_BLOCK_reg[14][13]/U$1
  (R) + 596   DFF  /Datapath_Register_inst_REG_MEM_BLOCK_reg[14][13]/U$1

Compared points are: Equivalent (reachable)
  (G) + 626   DFF  /Datapath/Register_inst/REG_MEM_BLOCK_reg[14][14]/U$1
  (R) + 597   DFF  /Datapath_Register_inst_REG_MEM_BLOCK_reg[14][14]/U$1

Compared points are: Equivalent (reachable)
  (G) + 627   DFF  /Datapath/Register_inst/REG_MEM_BLOCK_reg[14][15]/U$1
  (R) + 598   DFF  /Datapath_Register_inst_REG_MEM_BLOCK_reg[14][15]/U$1

Compared points are: Equivalent (reachable)
  (G) + 628   DFF  /Datapath/Register_inst/REG_MEM_BLOCK_reg[14][16]/U$1
  (R) + 599   DFF  /Datapath_Register_inst_REG_MEM_BLOCK_reg[14][16]/U$1

Compared points are: Equivalent (reachable)
  (G) + 629   DFF  /Datapath/Register_inst/REG_MEM_BLOCK_reg[14][17]/U$1
  (R) + 600   DFF  /Datapath_Register_inst_REG_MEM_BLOCK_reg[14][17]/U$1

Compared points are: Equivalent (reachable)
  (G) + 630   DFF  /Datapath/Register_inst/REG_MEM_BLOCK_reg[14][18]/U$1
  (R) + 601   DFF  /Datapath_Register_inst_REG_MEM_BLOCK_reg[14][18]/U$1

Compared points are: Equivalent (reachable)
  (G) + 631   DFF  /Datapath/Register_inst/REG_MEM_BLOCK_reg[14][19]/U$1
  (R) + 602   DFF  /Datapath_Register_inst_REG_MEM_BLOCK_reg[14][19]/U$1

Compared points are: Equivalent (reachable)
  (G) + 632   DFF  /Datapath/Register_inst/REG_MEM_BLOCK_reg[14][20]/U$1
  (R) + 603   DFF  /Datapath_Register_inst_REG_MEM_BLOCK_reg[14][20]/U$1

Compared points are: Equivalent (reachable)
  (G) + 633   DFF  /Datapath/Register_inst/REG_MEM_BLOCK_reg[14][21]/U$1
  (R) + 604   DFF  /Datapath_Register_inst_REG_MEM_BLOCK_reg[14][21]/U$1

Compared points are: Equivalent (reachable)
  (G) + 634   DFF  /Datapath/Register_inst/REG_MEM_BLOCK_reg[14][22]/U$1
  (R) + 605   DFF  /Datapath_Register_inst_REG_MEM_BLOCK_reg[14][22]/U$1

Compared points are: Equivalent (reachable)
  (G) + 635   DFF  /Datapath/Register_inst/REG_MEM_BLOCK_reg[14][23]/U$1
  (R) + 606   DFF  /Datapath_Register_inst_REG_MEM_BLOCK_reg[14][23]/U$1

Compared points are: Equivalent (reachable)
  (G) + 636   DFF  /Datapath/Register_inst/REG_MEM_BLOCK_reg[14][24]/U$1
  (R) + 607   DFF  /Datapath_Register_inst_REG_MEM_BLOCK_reg[14][24]/U$1

Compared points are: Equivalent (reachable)
  (G) + 637   DFF  /Datapath/Register_inst/REG_MEM_BLOCK_reg[14][25]/U$1
  (R) + 608   DFF  /Datapath_Register_inst_REG_MEM_BLOCK_reg[14][25]/U$1

Compared points are: Equivalent (reachable)
  (G) + 638   DFF  /Datapath/Register_inst/REG_MEM_BLOCK_reg[14][26]/U$1
  (R) + 609   DFF  /Datapath_Register_inst_REG_MEM_BLOCK_reg[14][26]/U$1

Compared points are: Equivalent (reachable)
  (G) + 639   DFF  /Datapath/Register_inst/REG_MEM_BLOCK_reg[14][27]/U$1
  (R) + 610   DFF  /Datapath_Register_inst_REG_MEM_BLOCK_reg[14][27]/U$1

Compared points are: Equivalent (reachable)
  (G) + 640   DFF  /Datapath/Register_inst/REG_MEM_BLOCK_reg[14][28]/U$1
  (R) + 611   DFF  /Datapath_Register_inst_REG_MEM_BLOCK_reg[14][28]/U$1

Compared points are: Equivalent (reachable)
  (G) + 641   DFF  /Datapath/Register_inst/REG_MEM_BLOCK_reg[14][29]/U$1
  (R) + 612   DFF  /Datapath_Register_inst_REG_MEM_BLOCK_reg[14][29]/U$1

Compared points are: Equivalent (reachable)
  (G) + 642   DFF  /Datapath/Register_inst/REG_MEM_BLOCK_reg[14][30]/U$1
  (R) + 613   DFF  /Datapath_Register_inst_REG_MEM_BLOCK_reg[14][30]/U$1

Compared points are: Equivalent (reachable)
  (G) + 643   DFF  /Datapath/Register_inst/REG_MEM_BLOCK_reg[14][31]/U$1
  (R) + 614   DFF  /Datapath_Register_inst_REG_MEM_BLOCK_reg[14][31]/U$1

Compared points are: Equivalent (reachable)
  (G) + 644   DFF  /Datapath/Register_inst/REG_MEM_BLOCK_reg[15][0]/U$1
  (R) + 615   DFF  /Datapath_Register_inst_REG_MEM_BLOCK_reg[15][0]/U$1

Compared points are: Equivalent (reachable)
  (G) + 645   DFF  /Datapath/Register_inst/REG_MEM_BLOCK_reg[15][1]/U$1
  (R) + 616   DFF  /Datapath_Register_inst_REG_MEM_BLOCK_reg[15][1]/U$1

Compared points are: Equivalent (reachable)
  (G) + 646   DFF  /Datapath/Register_inst/REG_MEM_BLOCK_reg[15][2]/U$1
  (R) + 617   DFF  /Datapath_Register_inst_REG_MEM_BLOCK_reg[15][2]/U$1

Compared points are: Equivalent (reachable)
  (G) + 647   DFF  /Datapath/Register_inst/REG_MEM_BLOCK_reg[15][3]/U$1
  (R) + 618   DFF  /Datapath_Register_inst_REG_MEM_BLOCK_reg[15][3]/U$1

Compared points are: Equivalent (reachable)
  (G) + 648   DFF  /Datapath/Register_inst/REG_MEM_BLOCK_reg[15][4]/U$1
  (R) + 619   DFF  /Datapath_Register_inst_REG_MEM_BLOCK_reg[15][4]/U$1

Compared points are: Equivalent (reachable)
  (G) + 649   DFF  /Datapath/Register_inst/REG_MEM_BLOCK_reg[15][5]/U$1
  (R) + 620   DFF  /Datapath_Register_inst_REG_MEM_BLOCK_reg[15][5]/U$1

Compared points are: Equivalent (reachable)
  (G) + 650   DFF  /Datapath/Register_inst/REG_MEM_BLOCK_reg[15][6]/U$1
  (R) + 621   DFF  /Datapath_Register_inst_REG_MEM_BLOCK_reg[15][6]/U$1

Compared points are: Equivalent (reachable)
  (G) + 651   DFF  /Datapath/Register_inst/REG_MEM_BLOCK_reg[15][7]/U$1
  (R) + 622   DFF  /Datapath_Register_inst_REG_MEM_BLOCK_reg[15][7]/U$1

Compared points are: Equivalent (reachable)
  (G) + 652   DFF  /Datapath/Register_inst/REG_MEM_BLOCK_reg[15][8]/U$1
  (R) + 623   DFF  /Datapath_Register_inst_REG_MEM_BLOCK_reg[15][8]/U$1

Compared points are: Equivalent (reachable)
  (G) + 653   DFF  /Datapath/Register_inst/REG_MEM_BLOCK_reg[15][9]/U$1
  (R) + 624   DFF  /Datapath_Register_inst_REG_MEM_BLOCK_reg[15][9]/U$1

Compared points are: Equivalent (reachable)
  (G) + 654   DFF  /Datapath/Register_inst/REG_MEM_BLOCK_reg[15][10]/U$1
  (R) + 625   DFF  /Datapath_Register_inst_REG_MEM_BLOCK_reg[15][10]/U$1

Compared points are: Equivalent (reachable)
  (G) + 655   DFF  /Datapath/Register_inst/REG_MEM_BLOCK_reg[15][11]/U$1
  (R) + 626   DFF  /Datapath_Register_inst_REG_MEM_BLOCK_reg[15][11]/U$1

Compared points are: Equivalent (reachable)
  (G) + 656   DFF  /Datapath/Register_inst/REG_MEM_BLOCK_reg[15][12]/U$1
  (R) + 627   DFF  /Datapath_Register_inst_REG_MEM_BLOCK_reg[15][12]/U$1

Compared points are: Equivalent (reachable)
  (G) + 657   DFF  /Datapath/Register_inst/REG_MEM_BLOCK_reg[15][13]/U$1
  (R) + 628   DFF  /Datapath_Register_inst_REG_MEM_BLOCK_reg[15][13]/U$1

Compared points are: Equivalent (reachable)
  (G) + 658   DFF  /Datapath/Register_inst/REG_MEM_BLOCK_reg[15][14]/U$1
  (R) + 629   DFF  /Datapath_Register_inst_REG_MEM_BLOCK_reg[15][14]/U$1

Compared points are: Equivalent (reachable)
  (G) + 659   DFF  /Datapath/Register_inst/REG_MEM_BLOCK_reg[15][15]/U$1
  (R) + 630   DFF  /Datapath_Register_inst_REG_MEM_BLOCK_reg[15][15]/U$1

Compared points are: Equivalent (reachable)
  (G) + 660   DFF  /Datapath/Register_inst/REG_MEM_BLOCK_reg[15][16]/U$1
  (R) + 631   DFF  /Datapath_Register_inst_REG_MEM_BLOCK_reg[15][16]/U$1

Compared points are: Equivalent (reachable)
  (G) + 661   DFF  /Datapath/Register_inst/REG_MEM_BLOCK_reg[15][17]/U$1
  (R) + 632   DFF  /Datapath_Register_inst_REG_MEM_BLOCK_reg[15][17]/U$1

Compared points are: Equivalent (reachable)
  (G) + 662   DFF  /Datapath/Register_inst/REG_MEM_BLOCK_reg[15][18]/U$1
  (R) + 633   DFF  /Datapath_Register_inst_REG_MEM_BLOCK_reg[15][18]/U$1

Compared points are: Equivalent (reachable)
  (G) + 663   DFF  /Datapath/Register_inst/REG_MEM_BLOCK_reg[15][19]/U$1
  (R) + 634   DFF  /Datapath_Register_inst_REG_MEM_BLOCK_reg[15][19]/U$1

Compared points are: Equivalent (reachable)
  (G) + 664   DFF  /Datapath/Register_inst/REG_MEM_BLOCK_reg[15][20]/U$1
  (R) + 635   DFF  /Datapath_Register_inst_REG_MEM_BLOCK_reg[15][20]/U$1

Compared points are: Equivalent (reachable)
  (G) + 665   DFF  /Datapath/Register_inst/REG_MEM_BLOCK_reg[15][21]/U$1
  (R) + 636   DFF  /Datapath_Register_inst_REG_MEM_BLOCK_reg[15][21]/U$1

Compared points are: Equivalent (reachable)
  (G) + 666   DFF  /Datapath/Register_inst/REG_MEM_BLOCK_reg[15][22]/U$1
  (R) + 637   DFF  /Datapath_Register_inst_REG_MEM_BLOCK_reg[15][22]/U$1

Compared points are: Equivalent (reachable)
  (G) + 667   DFF  /Datapath/Register_inst/REG_MEM_BLOCK_reg[15][23]/U$1
  (R) + 638   DFF  /Datapath_Register_inst_REG_MEM_BLOCK_reg[15][23]/U$1

Compared points are: Equivalent (reachable)
  (G) + 668   DFF  /Datapath/Register_inst/REG_MEM_BLOCK_reg[15][24]/U$1
  (R) + 639   DFF  /Datapath_Register_inst_REG_MEM_BLOCK_reg[15][24]/U$1

Compared points are: Equivalent (reachable)
  (G) + 669   DFF  /Datapath/Register_inst/REG_MEM_BLOCK_reg[15][25]/U$1
  (R) + 640   DFF  /Datapath_Register_inst_REG_MEM_BLOCK_reg[15][25]/U$1

Compared points are: Equivalent (reachable)
  (G) + 670   DFF  /Datapath/Register_inst/REG_MEM_BLOCK_reg[15][26]/U$1
  (R) + 641   DFF  /Datapath_Register_inst_REG_MEM_BLOCK_reg[15][26]/U$1

Compared points are: Equivalent (reachable)
  (G) + 671   DFF  /Datapath/Register_inst/REG_MEM_BLOCK_reg[15][27]/U$1
  (R) + 642   DFF  /Datapath_Register_inst_REG_MEM_BLOCK_reg[15][27]/U$1

Compared points are: Equivalent (reachable)
  (G) + 672   DFF  /Datapath/Register_inst/REG_MEM_BLOCK_reg[15][28]/U$1
  (R) + 643   DFF  /Datapath_Register_inst_REG_MEM_BLOCK_reg[15][28]/U$1

Compared points are: Equivalent (reachable)
  (G) + 673   DFF  /Datapath/Register_inst/REG_MEM_BLOCK_reg[15][29]/U$1
  (R) + 644   DFF  /Datapath_Register_inst_REG_MEM_BLOCK_reg[15][29]/U$1

Compared points are: Equivalent (reachable)
  (G) + 674   DFF  /Datapath/Register_inst/REG_MEM_BLOCK_reg[15][30]/U$1
  (R) + 645   DFF  /Datapath_Register_inst_REG_MEM_BLOCK_reg[15][30]/U$1

Compared points are: Equivalent (reachable)
  (G) + 675   DFF  /Datapath/Register_inst/REG_MEM_BLOCK_reg[15][31]/U$1
  (R) + 646   DFF  /Datapath_Register_inst_REG_MEM_BLOCK_reg[15][31]/U$1

Compared points are: Equivalent (reachable)
  (G) + 676   DFF  /Datapath/Register_inst/REG_MEM_BLOCK_reg[16][0]/U$1
  (R) + 647   DFF  /Datapath_Register_inst_REG_MEM_BLOCK_reg[16][0]/U$1

Compared points are: Equivalent (reachable)
  (G) + 677   DFF  /Datapath/Register_inst/REG_MEM_BLOCK_reg[16][1]/U$1
  (R) + 648   DFF  /Datapath_Register_inst_REG_MEM_BLOCK_reg[16][1]/U$1

Compared points are: Equivalent (reachable)
  (G) + 678   DFF  /Datapath/Register_inst/REG_MEM_BLOCK_reg[16][2]/U$1
  (R) + 649   DFF  /Datapath_Register_inst_REG_MEM_BLOCK_reg[16][2]/U$1

Compared points are: Equivalent (reachable)
  (G) + 679   DFF  /Datapath/Register_inst/REG_MEM_BLOCK_reg[16][3]/U$1
  (R) + 650   DFF  /Datapath_Register_inst_REG_MEM_BLOCK_reg[16][3]/U$1

Compared points are: Equivalent (reachable)
  (G) + 680   DFF  /Datapath/Register_inst/REG_MEM_BLOCK_reg[16][4]/U$1
  (R) + 651   DFF  /Datapath_Register_inst_REG_MEM_BLOCK_reg[16][4]/U$1

Compared points are: Equivalent (reachable)
  (G) + 681   DFF  /Datapath/Register_inst/REG_MEM_BLOCK_reg[16][5]/U$1
  (R) + 652   DFF  /Datapath_Register_inst_REG_MEM_BLOCK_reg[16][5]/U$1

Compared points are: Equivalent (reachable)
  (G) + 682   DFF  /Datapath/Register_inst/REG_MEM_BLOCK_reg[16][6]/U$1
  (R) + 653   DFF  /Datapath_Register_inst_REG_MEM_BLOCK_reg[16][6]/U$1

Compared points are: Equivalent (reachable)
  (G) + 683   DFF  /Datapath/Register_inst/REG_MEM_BLOCK_reg[16][7]/U$1
  (R) + 654   DFF  /Datapath_Register_inst_REG_MEM_BLOCK_reg[16][7]/U$1

Compared points are: Equivalent (reachable)
  (G) + 684   DFF  /Datapath/Register_inst/REG_MEM_BLOCK_reg[16][8]/U$1
  (R) + 655   DFF  /Datapath_Register_inst_REG_MEM_BLOCK_reg[16][8]/U$1

Compared points are: Equivalent (reachable)
  (G) + 685   DFF  /Datapath/Register_inst/REG_MEM_BLOCK_reg[16][9]/U$1
  (R) + 656   DFF  /Datapath_Register_inst_REG_MEM_BLOCK_reg[16][9]/U$1

Compared points are: Equivalent (reachable)
  (G) + 686   DFF  /Datapath/Register_inst/REG_MEM_BLOCK_reg[16][10]/U$1
  (R) + 657   DFF  /Datapath_Register_inst_REG_MEM_BLOCK_reg[16][10]/U$1

Compared points are: Equivalent (reachable)
  (G) + 687   DFF  /Datapath/Register_inst/REG_MEM_BLOCK_reg[16][11]/U$1
  (R) + 658   DFF  /Datapath_Register_inst_REG_MEM_BLOCK_reg[16][11]/U$1

Compared points are: Equivalent (reachable)
  (G) + 688   DFF  /Datapath/Register_inst/REG_MEM_BLOCK_reg[16][12]/U$1
  (R) + 659   DFF  /Datapath_Register_inst_REG_MEM_BLOCK_reg[16][12]/U$1

Compared points are: Equivalent (reachable)
  (G) + 689   DFF  /Datapath/Register_inst/REG_MEM_BLOCK_reg[16][13]/U$1
  (R) + 660   DFF  /Datapath_Register_inst_REG_MEM_BLOCK_reg[16][13]/U$1

Compared points are: Equivalent (reachable)
  (G) + 690   DFF  /Datapath/Register_inst/REG_MEM_BLOCK_reg[16][14]/U$1
  (R) + 661   DFF  /Datapath_Register_inst_REG_MEM_BLOCK_reg[16][14]/U$1

Compared points are: Equivalent (reachable)
  (G) + 691   DFF  /Datapath/Register_inst/REG_MEM_BLOCK_reg[16][15]/U$1
  (R) + 662   DFF  /Datapath_Register_inst_REG_MEM_BLOCK_reg[16][15]/U$1

Compared points are: Equivalent (reachable)
  (G) + 692   DFF  /Datapath/Register_inst/REG_MEM_BLOCK_reg[16][16]/U$1
  (R) + 663   DFF  /Datapath_Register_inst_REG_MEM_BLOCK_reg[16][16]/U$1

Compared points are: Equivalent (reachable)
  (G) + 693   DFF  /Datapath/Register_inst/REG_MEM_BLOCK_reg[16][17]/U$1
  (R) + 664   DFF  /Datapath_Register_inst_REG_MEM_BLOCK_reg[16][17]/U$1

Compared points are: Equivalent (reachable)
  (G) + 694   DFF  /Datapath/Register_inst/REG_MEM_BLOCK_reg[16][18]/U$1
  (R) + 665   DFF  /Datapath_Register_inst_REG_MEM_BLOCK_reg[16][18]/U$1

Compared points are: Equivalent (reachable)
  (G) + 695   DFF  /Datapath/Register_inst/REG_MEM_BLOCK_reg[16][19]/U$1
  (R) + 666   DFF  /Datapath_Register_inst_REG_MEM_BLOCK_reg[16][19]/U$1

Compared points are: Equivalent (reachable)
  (G) + 696   DFF  /Datapath/Register_inst/REG_MEM_BLOCK_reg[16][20]/U$1
  (R) + 667   DFF  /Datapath_Register_inst_REG_MEM_BLOCK_reg[16][20]/U$1

Compared points are: Equivalent (reachable)
  (G) + 697   DFF  /Datapath/Register_inst/REG_MEM_BLOCK_reg[16][21]/U$1
  (R) + 668   DFF  /Datapath_Register_inst_REG_MEM_BLOCK_reg[16][21]/U$1

Compared points are: Equivalent (reachable)
  (G) + 698   DFF  /Datapath/Register_inst/REG_MEM_BLOCK_reg[16][22]/U$1
  (R) + 669   DFF  /Datapath_Register_inst_REG_MEM_BLOCK_reg[16][22]/U$1

Compared points are: Equivalent (reachable)
  (G) + 699   DFF  /Datapath/Register_inst/REG_MEM_BLOCK_reg[16][23]/U$1
  (R) + 670   DFF  /Datapath_Register_inst_REG_MEM_BLOCK_reg[16][23]/U$1

Compared points are: Equivalent (reachable)
  (G) + 700   DFF  /Datapath/Register_inst/REG_MEM_BLOCK_reg[16][24]/U$1
  (R) + 671   DFF  /Datapath_Register_inst_REG_MEM_BLOCK_reg[16][24]/U$1

Compared points are: Equivalent (reachable)
  (G) + 701   DFF  /Datapath/Register_inst/REG_MEM_BLOCK_reg[16][25]/U$1
  (R) + 672   DFF  /Datapath_Register_inst_REG_MEM_BLOCK_reg[16][25]/U$1

Compared points are: Equivalent (reachable)
  (G) + 702   DFF  /Datapath/Register_inst/REG_MEM_BLOCK_reg[16][26]/U$1
  (R) + 673   DFF  /Datapath_Register_inst_REG_MEM_BLOCK_reg[16][26]/U$1

Compared points are: Equivalent (reachable)
  (G) + 703   DFF  /Datapath/Register_inst/REG_MEM_BLOCK_reg[16][27]/U$1
  (R) + 674   DFF  /Datapath_Register_inst_REG_MEM_BLOCK_reg[16][27]/U$1

Compared points are: Equivalent (reachable)
  (G) + 704   DFF  /Datapath/Register_inst/REG_MEM_BLOCK_reg[16][28]/U$1
  (R) + 675   DFF  /Datapath_Register_inst_REG_MEM_BLOCK_reg[16][28]/U$1

Compared points are: Equivalent (reachable)
  (G) + 705   DFF  /Datapath/Register_inst/REG_MEM_BLOCK_reg[16][29]/U$1
  (R) + 676   DFF  /Datapath_Register_inst_REG_MEM_BLOCK_reg[16][29]/U$1

Compared points are: Equivalent (reachable)
  (G) + 706   DFF  /Datapath/Register_inst/REG_MEM_BLOCK_reg[16][30]/U$1
  (R) + 677   DFF  /Datapath_Register_inst_REG_MEM_BLOCK_reg[16][30]/U$1

Compared points are: Equivalent (reachable)
  (G) + 707   DFF  /Datapath/Register_inst/REG_MEM_BLOCK_reg[16][31]/U$1
  (R) + 678   DFF  /Datapath_Register_inst_REG_MEM_BLOCK_reg[16][31]/U$1

Compared points are: Equivalent (reachable)
  (G) + 708   DFF  /Datapath/Register_inst/REG_MEM_BLOCK_reg[17][0]/U$1
  (R) + 679   DFF  /Datapath_Register_inst_REG_MEM_BLOCK_reg[17][0]/U$1

Compared points are: Equivalent (reachable)
  (G) + 709   DFF  /Datapath/Register_inst/REG_MEM_BLOCK_reg[17][1]/U$1
  (R) + 680   DFF  /Datapath_Register_inst_REG_MEM_BLOCK_reg[17][1]/U$1

Compared points are: Equivalent (reachable)
  (G) + 710   DFF  /Datapath/Register_inst/REG_MEM_BLOCK_reg[17][2]/U$1
  (R) + 681   DFF  /Datapath_Register_inst_REG_MEM_BLOCK_reg[17][2]/U$1

Compared points are: Equivalent (reachable)
  (G) + 711   DFF  /Datapath/Register_inst/REG_MEM_BLOCK_reg[17][3]/U$1
  (R) + 682   DFF  /Datapath_Register_inst_REG_MEM_BLOCK_reg[17][3]/U$1

Compared points are: Equivalent (reachable)
  (G) + 712   DFF  /Datapath/Register_inst/REG_MEM_BLOCK_reg[17][4]/U$1
  (R) + 683   DFF  /Datapath_Register_inst_REG_MEM_BLOCK_reg[17][4]/U$1

Compared points are: Equivalent (reachable)
  (G) + 713   DFF  /Datapath/Register_inst/REG_MEM_BLOCK_reg[17][5]/U$1
  (R) + 684   DFF  /Datapath_Register_inst_REG_MEM_BLOCK_reg[17][5]/U$1

Compared points are: Equivalent (reachable)
  (G) + 714   DFF  /Datapath/Register_inst/REG_MEM_BLOCK_reg[17][6]/U$1
  (R) + 685   DFF  /Datapath_Register_inst_REG_MEM_BLOCK_reg[17][6]/U$1

Compared points are: Equivalent (reachable)
  (G) + 715   DFF  /Datapath/Register_inst/REG_MEM_BLOCK_reg[17][7]/U$1
  (R) + 686   DFF  /Datapath_Register_inst_REG_MEM_BLOCK_reg[17][7]/U$1

Compared points are: Equivalent (reachable)
  (G) + 716   DFF  /Datapath/Register_inst/REG_MEM_BLOCK_reg[17][8]/U$1
  (R) + 687   DFF  /Datapath_Register_inst_REG_MEM_BLOCK_reg[17][8]/U$1

Compared points are: Equivalent (reachable)
  (G) + 717   DFF  /Datapath/Register_inst/REG_MEM_BLOCK_reg[17][9]/U$1
  (R) + 688   DFF  /Datapath_Register_inst_REG_MEM_BLOCK_reg[17][9]/U$1

Compared points are: Equivalent (reachable)
  (G) + 718   DFF  /Datapath/Register_inst/REG_MEM_BLOCK_reg[17][10]/U$1
  (R) + 689   DFF  /Datapath_Register_inst_REG_MEM_BLOCK_reg[17][10]/U$1

Compared points are: Equivalent (reachable)
  (G) + 719   DFF  /Datapath/Register_inst/REG_MEM_BLOCK_reg[17][11]/U$1
  (R) + 690   DFF  /Datapath_Register_inst_REG_MEM_BLOCK_reg[17][11]/U$1

Compared points are: Equivalent (reachable)
  (G) + 720   DFF  /Datapath/Register_inst/REG_MEM_BLOCK_reg[17][12]/U$1
  (R) + 691   DFF  /Datapath_Register_inst_REG_MEM_BLOCK_reg[17][12]/U$1

Compared points are: Equivalent (reachable)
  (G) + 721   DFF  /Datapath/Register_inst/REG_MEM_BLOCK_reg[17][13]/U$1
  (R) + 692   DFF  /Datapath_Register_inst_REG_MEM_BLOCK_reg[17][13]/U$1

Compared points are: Equivalent (reachable)
  (G) + 722   DFF  /Datapath/Register_inst/REG_MEM_BLOCK_reg[17][14]/U$1
  (R) + 693   DFF  /Datapath_Register_inst_REG_MEM_BLOCK_reg[17][14]/U$1

Compared points are: Equivalent (reachable)
  (G) + 723   DFF  /Datapath/Register_inst/REG_MEM_BLOCK_reg[17][15]/U$1
  (R) + 694   DFF  /Datapath_Register_inst_REG_MEM_BLOCK_reg[17][15]/U$1

Compared points are: Equivalent (reachable)
  (G) + 724   DFF  /Datapath/Register_inst/REG_MEM_BLOCK_reg[17][16]/U$1
  (R) + 695   DFF  /Datapath_Register_inst_REG_MEM_BLOCK_reg[17][16]/U$1

Compared points are: Equivalent (reachable)
  (G) + 725   DFF  /Datapath/Register_inst/REG_MEM_BLOCK_reg[17][17]/U$1
  (R) + 696   DFF  /Datapath_Register_inst_REG_MEM_BLOCK_reg[17][17]/U$1

Compared points are: Equivalent (reachable)
  (G) + 726   DFF  /Datapath/Register_inst/REG_MEM_BLOCK_reg[17][18]/U$1
  (R) + 697   DFF  /Datapath_Register_inst_REG_MEM_BLOCK_reg[17][18]/U$1

Compared points are: Equivalent (reachable)
  (G) + 727   DFF  /Datapath/Register_inst/REG_MEM_BLOCK_reg[17][19]/U$1
  (R) + 698   DFF  /Datapath_Register_inst_REG_MEM_BLOCK_reg[17][19]/U$1

Compared points are: Equivalent (reachable)
  (G) + 728   DFF  /Datapath/Register_inst/REG_MEM_BLOCK_reg[17][20]/U$1
  (R) + 699   DFF  /Datapath_Register_inst_REG_MEM_BLOCK_reg[17][20]/U$1

Compared points are: Equivalent (reachable)
  (G) + 729   DFF  /Datapath/Register_inst/REG_MEM_BLOCK_reg[17][21]/U$1
  (R) + 700   DFF  /Datapath_Register_inst_REG_MEM_BLOCK_reg[17][21]/U$1

Compared points are: Equivalent (reachable)
  (G) + 730   DFF  /Datapath/Register_inst/REG_MEM_BLOCK_reg[17][22]/U$1
  (R) + 701   DFF  /Datapath_Register_inst_REG_MEM_BLOCK_reg[17][22]/U$1

Compared points are: Equivalent (reachable)
  (G) + 731   DFF  /Datapath/Register_inst/REG_MEM_BLOCK_reg[17][23]/U$1
  (R) + 702   DFF  /Datapath_Register_inst_REG_MEM_BLOCK_reg[17][23]/U$1

Compared points are: Equivalent (reachable)
  (G) + 732   DFF  /Datapath/Register_inst/REG_MEM_BLOCK_reg[17][24]/U$1
  (R) + 703   DFF  /Datapath_Register_inst_REG_MEM_BLOCK_reg[17][24]/U$1

Compared points are: Equivalent (reachable)
  (G) + 733   DFF  /Datapath/Register_inst/REG_MEM_BLOCK_reg[17][25]/U$1
  (R) + 704   DFF  /Datapath_Register_inst_REG_MEM_BLOCK_reg[17][25]/U$1

Compared points are: Equivalent (reachable)
  (G) + 734   DFF  /Datapath/Register_inst/REG_MEM_BLOCK_reg[17][26]/U$1
  (R) + 705   DFF  /Datapath_Register_inst_REG_MEM_BLOCK_reg[17][26]/U$1

Compared points are: Equivalent (reachable)
  (G) + 735   DFF  /Datapath/Register_inst/REG_MEM_BLOCK_reg[17][27]/U$1
  (R) + 706   DFF  /Datapath_Register_inst_REG_MEM_BLOCK_reg[17][27]/U$1

Compared points are: Equivalent (reachable)
  (G) + 736   DFF  /Datapath/Register_inst/REG_MEM_BLOCK_reg[17][28]/U$1
  (R) + 707   DFF  /Datapath_Register_inst_REG_MEM_BLOCK_reg[17][28]/U$1

Compared points are: Equivalent (reachable)
  (G) + 737   DFF  /Datapath/Register_inst/REG_MEM_BLOCK_reg[17][29]/U$1
  (R) + 708   DFF  /Datapath_Register_inst_REG_MEM_BLOCK_reg[17][29]/U$1

Compared points are: Equivalent (reachable)
  (G) + 738   DFF  /Datapath/Register_inst/REG_MEM_BLOCK_reg[17][30]/U$1
  (R) + 709   DFF  /Datapath_Register_inst_REG_MEM_BLOCK_reg[17][30]/U$1

Compared points are: Equivalent (reachable)
  (G) + 739   DFF  /Datapath/Register_inst/REG_MEM_BLOCK_reg[17][31]/U$1
  (R) + 710   DFF  /Datapath_Register_inst_REG_MEM_BLOCK_reg[17][31]/U$1

Compared points are: Equivalent (reachable)
  (G) + 740   DFF  /Datapath/Register_inst/REG_MEM_BLOCK_reg[18][0]/U$1
  (R) + 711   DFF  /Datapath_Register_inst_REG_MEM_BLOCK_reg[18][0]/U$1

Compared points are: Equivalent (reachable)
  (G) + 741   DFF  /Datapath/Register_inst/REG_MEM_BLOCK_reg[18][1]/U$1
  (R) + 712   DFF  /Datapath_Register_inst_REG_MEM_BLOCK_reg[18][1]/U$1

Compared points are: Equivalent (reachable)
  (G) + 742   DFF  /Datapath/Register_inst/REG_MEM_BLOCK_reg[18][2]/U$1
  (R) + 713   DFF  /Datapath_Register_inst_REG_MEM_BLOCK_reg[18][2]/U$1

Compared points are: Equivalent (reachable)
  (G) + 743   DFF  /Datapath/Register_inst/REG_MEM_BLOCK_reg[18][3]/U$1
  (R) + 714   DFF  /Datapath_Register_inst_REG_MEM_BLOCK_reg[18][3]/U$1

Compared points are: Equivalent (reachable)
  (G) + 744   DFF  /Datapath/Register_inst/REG_MEM_BLOCK_reg[18][4]/U$1
  (R) + 715   DFF  /Datapath_Register_inst_REG_MEM_BLOCK_reg[18][4]/U$1

Compared points are: Equivalent (reachable)
  (G) + 745   DFF  /Datapath/Register_inst/REG_MEM_BLOCK_reg[18][5]/U$1
  (R) + 716   DFF  /Datapath_Register_inst_REG_MEM_BLOCK_reg[18][5]/U$1

Compared points are: Equivalent (reachable)
  (G) + 746   DFF  /Datapath/Register_inst/REG_MEM_BLOCK_reg[18][6]/U$1
  (R) + 717   DFF  /Datapath_Register_inst_REG_MEM_BLOCK_reg[18][6]/U$1

Compared points are: Equivalent (reachable)
  (G) + 747   DFF  /Datapath/Register_inst/REG_MEM_BLOCK_reg[18][7]/U$1
  (R) + 718   DFF  /Datapath_Register_inst_REG_MEM_BLOCK_reg[18][7]/U$1

Compared points are: Equivalent (reachable)
  (G) + 748   DFF  /Datapath/Register_inst/REG_MEM_BLOCK_reg[18][8]/U$1
  (R) + 719   DFF  /Datapath_Register_inst_REG_MEM_BLOCK_reg[18][8]/U$1

Compared points are: Equivalent (reachable)
  (G) + 749   DFF  /Datapath/Register_inst/REG_MEM_BLOCK_reg[18][9]/U$1
  (R) + 720   DFF  /Datapath_Register_inst_REG_MEM_BLOCK_reg[18][9]/U$1

Compared points are: Equivalent (reachable)
  (G) + 750   DFF  /Datapath/Register_inst/REG_MEM_BLOCK_reg[18][10]/U$1
  (R) + 721   DFF  /Datapath_Register_inst_REG_MEM_BLOCK_reg[18][10]/U$1

Compared points are: Equivalent (reachable)
  (G) + 751   DFF  /Datapath/Register_inst/REG_MEM_BLOCK_reg[18][11]/U$1
  (R) + 722   DFF  /Datapath_Register_inst_REG_MEM_BLOCK_reg[18][11]/U$1

Compared points are: Equivalent (reachable)
  (G) + 752   DFF  /Datapath/Register_inst/REG_MEM_BLOCK_reg[18][12]/U$1
  (R) + 723   DFF  /Datapath_Register_inst_REG_MEM_BLOCK_reg[18][12]/U$1

Compared points are: Equivalent (reachable)
  (G) + 753   DFF  /Datapath/Register_inst/REG_MEM_BLOCK_reg[18][13]/U$1
  (R) + 724   DFF  /Datapath_Register_inst_REG_MEM_BLOCK_reg[18][13]/U$1

Compared points are: Equivalent (reachable)
  (G) + 754   DFF  /Datapath/Register_inst/REG_MEM_BLOCK_reg[18][14]/U$1
  (R) + 725   DFF  /Datapath_Register_inst_REG_MEM_BLOCK_reg[18][14]/U$1

Compared points are: Equivalent (reachable)
  (G) + 755   DFF  /Datapath/Register_inst/REG_MEM_BLOCK_reg[18][15]/U$1
  (R) + 726   DFF  /Datapath_Register_inst_REG_MEM_BLOCK_reg[18][15]/U$1

Compared points are: Equivalent (reachable)
  (G) + 756   DFF  /Datapath/Register_inst/REG_MEM_BLOCK_reg[18][16]/U$1
  (R) + 727   DFF  /Datapath_Register_inst_REG_MEM_BLOCK_reg[18][16]/U$1

Compared points are: Equivalent (reachable)
  (G) + 757   DFF  /Datapath/Register_inst/REG_MEM_BLOCK_reg[18][17]/U$1
  (R) + 728   DFF  /Datapath_Register_inst_REG_MEM_BLOCK_reg[18][17]/U$1

Compared points are: Equivalent (reachable)
  (G) + 758   DFF  /Datapath/Register_inst/REG_MEM_BLOCK_reg[18][18]/U$1
  (R) + 729   DFF  /Datapath_Register_inst_REG_MEM_BLOCK_reg[18][18]/U$1

Compared points are: Equivalent (reachable)
  (G) + 759   DFF  /Datapath/Register_inst/REG_MEM_BLOCK_reg[18][19]/U$1
  (R) + 730   DFF  /Datapath_Register_inst_REG_MEM_BLOCK_reg[18][19]/U$1

Compared points are: Equivalent (reachable)
  (G) + 760   DFF  /Datapath/Register_inst/REG_MEM_BLOCK_reg[18][20]/U$1
  (R) + 731   DFF  /Datapath_Register_inst_REG_MEM_BLOCK_reg[18][20]/U$1

Compared points are: Equivalent (reachable)
  (G) + 761   DFF  /Datapath/Register_inst/REG_MEM_BLOCK_reg[18][21]/U$1
  (R) + 732   DFF  /Datapath_Register_inst_REG_MEM_BLOCK_reg[18][21]/U$1

Compared points are: Equivalent (reachable)
  (G) + 762   DFF  /Datapath/Register_inst/REG_MEM_BLOCK_reg[18][22]/U$1
  (R) + 733   DFF  /Datapath_Register_inst_REG_MEM_BLOCK_reg[18][22]/U$1

Compared points are: Equivalent (reachable)
  (G) + 763   DFF  /Datapath/Register_inst/REG_MEM_BLOCK_reg[18][23]/U$1
  (R) + 734   DFF  /Datapath_Register_inst_REG_MEM_BLOCK_reg[18][23]/U$1

Compared points are: Equivalent (reachable)
  (G) + 764   DFF  /Datapath/Register_inst/REG_MEM_BLOCK_reg[18][24]/U$1
  (R) + 735   DFF  /Datapath_Register_inst_REG_MEM_BLOCK_reg[18][24]/U$1

Compared points are: Equivalent (reachable)
  (G) + 765   DFF  /Datapath/Register_inst/REG_MEM_BLOCK_reg[18][25]/U$1
  (R) + 736   DFF  /Datapath_Register_inst_REG_MEM_BLOCK_reg[18][25]/U$1

Compared points are: Equivalent (reachable)
  (G) + 766   DFF  /Datapath/Register_inst/REG_MEM_BLOCK_reg[18][26]/U$1
  (R) + 737   DFF  /Datapath_Register_inst_REG_MEM_BLOCK_reg[18][26]/U$1

Compared points are: Equivalent (reachable)
  (G) + 767   DFF  /Datapath/Register_inst/REG_MEM_BLOCK_reg[18][27]/U$1
  (R) + 738   DFF  /Datapath_Register_inst_REG_MEM_BLOCK_reg[18][27]/U$1

Compared points are: Equivalent (reachable)
  (G) + 768   DFF  /Datapath/Register_inst/REG_MEM_BLOCK_reg[18][28]/U$1
  (R) + 739   DFF  /Datapath_Register_inst_REG_MEM_BLOCK_reg[18][28]/U$1

Compared points are: Equivalent (reachable)
  (G) + 769   DFF  /Datapath/Register_inst/REG_MEM_BLOCK_reg[18][29]/U$1
  (R) + 740   DFF  /Datapath_Register_inst_REG_MEM_BLOCK_reg[18][29]/U$1

Compared points are: Equivalent (reachable)
  (G) + 770   DFF  /Datapath/Register_inst/REG_MEM_BLOCK_reg[18][30]/U$1
  (R) + 741   DFF  /Datapath_Register_inst_REG_MEM_BLOCK_reg[18][30]/U$1

Compared points are: Equivalent (reachable)
  (G) + 771   DFF  /Datapath/Register_inst/REG_MEM_BLOCK_reg[18][31]/U$1
  (R) + 742   DFF  /Datapath_Register_inst_REG_MEM_BLOCK_reg[18][31]/U$1

Compared points are: Equivalent (reachable)
  (G) + 772   DFF  /Datapath/Register_inst/REG_MEM_BLOCK_reg[19][0]/U$1
  (R) + 743   DFF  /Datapath_Register_inst_REG_MEM_BLOCK_reg[19][0]/U$1

Compared points are: Equivalent (reachable)
  (G) + 773   DFF  /Datapath/Register_inst/REG_MEM_BLOCK_reg[19][1]/U$1
  (R) + 744   DFF  /Datapath_Register_inst_REG_MEM_BLOCK_reg[19][1]/U$1

Compared points are: Equivalent (reachable)
  (G) + 774   DFF  /Datapath/Register_inst/REG_MEM_BLOCK_reg[19][2]/U$1
  (R) + 745   DFF  /Datapath_Register_inst_REG_MEM_BLOCK_reg[19][2]/U$1

Compared points are: Equivalent (reachable)
  (G) + 775   DFF  /Datapath/Register_inst/REG_MEM_BLOCK_reg[19][3]/U$1
  (R) + 746   DFF  /Datapath_Register_inst_REG_MEM_BLOCK_reg[19][3]/U$1

Compared points are: Equivalent (reachable)
  (G) + 776   DFF  /Datapath/Register_inst/REG_MEM_BLOCK_reg[19][4]/U$1
  (R) + 747   DFF  /Datapath_Register_inst_REG_MEM_BLOCK_reg[19][4]/U$1

Compared points are: Equivalent (reachable)
  (G) + 777   DFF  /Datapath/Register_inst/REG_MEM_BLOCK_reg[19][5]/U$1
  (R) + 748   DFF  /Datapath_Register_inst_REG_MEM_BLOCK_reg[19][5]/U$1

Compared points are: Equivalent (reachable)
  (G) + 778   DFF  /Datapath/Register_inst/REG_MEM_BLOCK_reg[19][6]/U$1
  (R) + 749   DFF  /Datapath_Register_inst_REG_MEM_BLOCK_reg[19][6]/U$1

Compared points are: Equivalent (reachable)
  (G) + 779   DFF  /Datapath/Register_inst/REG_MEM_BLOCK_reg[19][7]/U$1
  (R) + 750   DFF  /Datapath_Register_inst_REG_MEM_BLOCK_reg[19][7]/U$1

Compared points are: Equivalent (reachable)
  (G) + 780   DFF  /Datapath/Register_inst/REG_MEM_BLOCK_reg[19][8]/U$1
  (R) + 751   DFF  /Datapath_Register_inst_REG_MEM_BLOCK_reg[19][8]/U$1

Compared points are: Equivalent (reachable)
  (G) + 781   DFF  /Datapath/Register_inst/REG_MEM_BLOCK_reg[19][9]/U$1
  (R) + 752   DFF  /Datapath_Register_inst_REG_MEM_BLOCK_reg[19][9]/U$1

Compared points are: Equivalent (reachable)
  (G) + 782   DFF  /Datapath/Register_inst/REG_MEM_BLOCK_reg[19][10]/U$1
  (R) + 753   DFF  /Datapath_Register_inst_REG_MEM_BLOCK_reg[19][10]/U$1

Compared points are: Equivalent (reachable)
  (G) + 783   DFF  /Datapath/Register_inst/REG_MEM_BLOCK_reg[19][11]/U$1
  (R) + 754   DFF  /Datapath_Register_inst_REG_MEM_BLOCK_reg[19][11]/U$1

Compared points are: Equivalent (reachable)
  (G) + 784   DFF  /Datapath/Register_inst/REG_MEM_BLOCK_reg[19][12]/U$1
  (R) + 755   DFF  /Datapath_Register_inst_REG_MEM_BLOCK_reg[19][12]/U$1

Compared points are: Equivalent (reachable)
  (G) + 785   DFF  /Datapath/Register_inst/REG_MEM_BLOCK_reg[19][13]/U$1
  (R) + 756   DFF  /Datapath_Register_inst_REG_MEM_BLOCK_reg[19][13]/U$1

Compared points are: Equivalent (reachable)
  (G) + 786   DFF  /Datapath/Register_inst/REG_MEM_BLOCK_reg[19][14]/U$1
  (R) + 757   DFF  /Datapath_Register_inst_REG_MEM_BLOCK_reg[19][14]/U$1

Compared points are: Equivalent (reachable)
  (G) + 787   DFF  /Datapath/Register_inst/REG_MEM_BLOCK_reg[19][15]/U$1
  (R) + 758   DFF  /Datapath_Register_inst_REG_MEM_BLOCK_reg[19][15]/U$1

Compared points are: Equivalent (reachable)
  (G) + 788   DFF  /Datapath/Register_inst/REG_MEM_BLOCK_reg[19][16]/U$1
  (R) + 759   DFF  /Datapath_Register_inst_REG_MEM_BLOCK_reg[19][16]/U$1

Compared points are: Equivalent (reachable)
  (G) + 789   DFF  /Datapath/Register_inst/REG_MEM_BLOCK_reg[19][17]/U$1
  (R) + 760   DFF  /Datapath_Register_inst_REG_MEM_BLOCK_reg[19][17]/U$1

Compared points are: Equivalent (reachable)
  (G) + 790   DFF  /Datapath/Register_inst/REG_MEM_BLOCK_reg[19][18]/U$1
  (R) + 761   DFF  /Datapath_Register_inst_REG_MEM_BLOCK_reg[19][18]/U$1

Compared points are: Equivalent (reachable)
  (G) + 791   DFF  /Datapath/Register_inst/REG_MEM_BLOCK_reg[19][19]/U$1
  (R) + 762   DFF  /Datapath_Register_inst_REG_MEM_BLOCK_reg[19][19]/U$1

Compared points are: Equivalent (reachable)
  (G) + 792   DFF  /Datapath/Register_inst/REG_MEM_BLOCK_reg[19][20]/U$1
  (R) + 763   DFF  /Datapath_Register_inst_REG_MEM_BLOCK_reg[19][20]/U$1

Compared points are: Equivalent (reachable)
  (G) + 793   DFF  /Datapath/Register_inst/REG_MEM_BLOCK_reg[19][21]/U$1
  (R) + 764   DFF  /Datapath_Register_inst_REG_MEM_BLOCK_reg[19][21]/U$1

Compared points are: Equivalent (reachable)
  (G) + 794   DFF  /Datapath/Register_inst/REG_MEM_BLOCK_reg[19][22]/U$1
  (R) + 765   DFF  /Datapath_Register_inst_REG_MEM_BLOCK_reg[19][22]/U$1

Compared points are: Equivalent (reachable)
  (G) + 795   DFF  /Datapath/Register_inst/REG_MEM_BLOCK_reg[19][23]/U$1
  (R) + 766   DFF  /Datapath_Register_inst_REG_MEM_BLOCK_reg[19][23]/U$1

Compared points are: Equivalent (reachable)
  (G) + 796   DFF  /Datapath/Register_inst/REG_MEM_BLOCK_reg[19][24]/U$1
  (R) + 767   DFF  /Datapath_Register_inst_REG_MEM_BLOCK_reg[19][24]/U$1

Compared points are: Equivalent (reachable)
  (G) + 797   DFF  /Datapath/Register_inst/REG_MEM_BLOCK_reg[19][25]/U$1
  (R) + 768   DFF  /Datapath_Register_inst_REG_MEM_BLOCK_reg[19][25]/U$1

Compared points are: Equivalent (reachable)
  (G) + 798   DFF  /Datapath/Register_inst/REG_MEM_BLOCK_reg[19][26]/U$1
  (R) + 769   DFF  /Datapath_Register_inst_REG_MEM_BLOCK_reg[19][26]/U$1

Compared points are: Equivalent (reachable)
  (G) + 799   DFF  /Datapath/Register_inst/REG_MEM_BLOCK_reg[19][27]/U$1
  (R) + 770   DFF  /Datapath_Register_inst_REG_MEM_BLOCK_reg[19][27]/U$1

Compared points are: Equivalent (reachable)
  (G) + 800   DFF  /Datapath/Register_inst/REG_MEM_BLOCK_reg[19][28]/U$1
  (R) + 771   DFF  /Datapath_Register_inst_REG_MEM_BLOCK_reg[19][28]/U$1

Compared points are: Equivalent (reachable)
  (G) + 801   DFF  /Datapath/Register_inst/REG_MEM_BLOCK_reg[19][29]/U$1
  (R) + 772   DFF  /Datapath_Register_inst_REG_MEM_BLOCK_reg[19][29]/U$1

Compared points are: Equivalent (reachable)
  (G) + 802   DFF  /Datapath/Register_inst/REG_MEM_BLOCK_reg[19][30]/U$1
  (R) + 773   DFF  /Datapath_Register_inst_REG_MEM_BLOCK_reg[19][30]/U$1

Compared points are: Equivalent (reachable)
  (G) + 803   DFF  /Datapath/Register_inst/REG_MEM_BLOCK_reg[19][31]/U$1
  (R) + 774   DFF  /Datapath_Register_inst_REG_MEM_BLOCK_reg[19][31]/U$1

Compared points are: Equivalent (reachable)
  (G) + 804   DFF  /Datapath/Register_inst/REG_MEM_BLOCK_reg[20][0]/U$1
  (R) + 775   DFF  /Datapath_Register_inst_REG_MEM_BLOCK_reg[20][0]/U$1

Compared points are: Equivalent (reachable)
  (G) + 805   DFF  /Datapath/Register_inst/REG_MEM_BLOCK_reg[20][1]/U$1
  (R) + 776   DFF  /Datapath_Register_inst_REG_MEM_BLOCK_reg[20][1]/U$1

Compared points are: Equivalent (reachable)
  (G) + 806   DFF  /Datapath/Register_inst/REG_MEM_BLOCK_reg[20][2]/U$1
  (R) + 777   DFF  /Datapath_Register_inst_REG_MEM_BLOCK_reg[20][2]/U$1

Compared points are: Equivalent (reachable)
  (G) + 807   DFF  /Datapath/Register_inst/REG_MEM_BLOCK_reg[20][3]/U$1
  (R) + 778   DFF  /Datapath_Register_inst_REG_MEM_BLOCK_reg[20][3]/U$1

Compared points are: Equivalent (reachable)
  (G) + 808   DFF  /Datapath/Register_inst/REG_MEM_BLOCK_reg[20][4]/U$1
  (R) + 779   DFF  /Datapath_Register_inst_REG_MEM_BLOCK_reg[20][4]/U$1

Compared points are: Equivalent (reachable)
  (G) + 809   DFF  /Datapath/Register_inst/REG_MEM_BLOCK_reg[20][5]/U$1
  (R) + 780   DFF  /Datapath_Register_inst_REG_MEM_BLOCK_reg[20][5]/U$1

Compared points are: Equivalent (reachable)
  (G) + 810   DFF  /Datapath/Register_inst/REG_MEM_BLOCK_reg[20][6]/U$1
  (R) + 781   DFF  /Datapath_Register_inst_REG_MEM_BLOCK_reg[20][6]/U$1

Compared points are: Equivalent (reachable)
  (G) + 811   DFF  /Datapath/Register_inst/REG_MEM_BLOCK_reg[20][7]/U$1
  (R) + 782   DFF  /Datapath_Register_inst_REG_MEM_BLOCK_reg[20][7]/U$1

Compared points are: Equivalent (reachable)
  (G) + 812   DFF  /Datapath/Register_inst/REG_MEM_BLOCK_reg[20][8]/U$1
  (R) + 783   DFF  /Datapath_Register_inst_REG_MEM_BLOCK_reg[20][8]/U$1

Compared points are: Equivalent (reachable)
  (G) + 813   DFF  /Datapath/Register_inst/REG_MEM_BLOCK_reg[20][9]/U$1
  (R) + 784   DFF  /Datapath_Register_inst_REG_MEM_BLOCK_reg[20][9]/U$1

Compared points are: Equivalent (reachable)
  (G) + 814   DFF  /Datapath/Register_inst/REG_MEM_BLOCK_reg[20][10]/U$1
  (R) + 785   DFF  /Datapath_Register_inst_REG_MEM_BLOCK_reg[20][10]/U$1

Compared points are: Equivalent (reachable)
  (G) + 815   DFF  /Datapath/Register_inst/REG_MEM_BLOCK_reg[20][11]/U$1
  (R) + 786   DFF  /Datapath_Register_inst_REG_MEM_BLOCK_reg[20][11]/U$1

Compared points are: Equivalent (reachable)
  (G) + 816   DFF  /Datapath/Register_inst/REG_MEM_BLOCK_reg[20][12]/U$1
  (R) + 787   DFF  /Datapath_Register_inst_REG_MEM_BLOCK_reg[20][12]/U$1

Compared points are: Equivalent (reachable)
  (G) + 817   DFF  /Datapath/Register_inst/REG_MEM_BLOCK_reg[20][13]/U$1
  (R) + 788   DFF  /Datapath_Register_inst_REG_MEM_BLOCK_reg[20][13]/U$1

Compared points are: Equivalent (reachable)
  (G) + 818   DFF  /Datapath/Register_inst/REG_MEM_BLOCK_reg[20][14]/U$1
  (R) + 789   DFF  /Datapath_Register_inst_REG_MEM_BLOCK_reg[20][14]/U$1

Compared points are: Equivalent (reachable)
  (G) + 819   DFF  /Datapath/Register_inst/REG_MEM_BLOCK_reg[20][15]/U$1
  (R) + 790   DFF  /Datapath_Register_inst_REG_MEM_BLOCK_reg[20][15]/U$1

Compared points are: Equivalent (reachable)
  (G) + 820   DFF  /Datapath/Register_inst/REG_MEM_BLOCK_reg[20][16]/U$1
  (R) + 791   DFF  /Datapath_Register_inst_REG_MEM_BLOCK_reg[20][16]/U$1

Compared points are: Equivalent (reachable)
  (G) + 821   DFF  /Datapath/Register_inst/REG_MEM_BLOCK_reg[20][17]/U$1
  (R) + 792   DFF  /Datapath_Register_inst_REG_MEM_BLOCK_reg[20][17]/U$1

Compared points are: Equivalent (reachable)
  (G) + 822   DFF  /Datapath/Register_inst/REG_MEM_BLOCK_reg[20][18]/U$1
  (R) + 793   DFF  /Datapath_Register_inst_REG_MEM_BLOCK_reg[20][18]/U$1

Compared points are: Equivalent (reachable)
  (G) + 823   DFF  /Datapath/Register_inst/REG_MEM_BLOCK_reg[20][19]/U$1
  (R) + 794   DFF  /Datapath_Register_inst_REG_MEM_BLOCK_reg[20][19]/U$1

Compared points are: Equivalent (reachable)
  (G) + 824   DFF  /Datapath/Register_inst/REG_MEM_BLOCK_reg[20][20]/U$1
  (R) + 795   DFF  /Datapath_Register_inst_REG_MEM_BLOCK_reg[20][20]/U$1

Compared points are: Equivalent (reachable)
  (G) + 825   DFF  /Datapath/Register_inst/REG_MEM_BLOCK_reg[20][21]/U$1
  (R) + 796   DFF  /Datapath_Register_inst_REG_MEM_BLOCK_reg[20][21]/U$1

Compared points are: Equivalent (reachable)
  (G) + 826   DFF  /Datapath/Register_inst/REG_MEM_BLOCK_reg[20][22]/U$1
  (R) + 797   DFF  /Datapath_Register_inst_REG_MEM_BLOCK_reg[20][22]/U$1

Compared points are: Equivalent (reachable)
  (G) + 827   DFF  /Datapath/Register_inst/REG_MEM_BLOCK_reg[20][23]/U$1
  (R) + 798   DFF  /Datapath_Register_inst_REG_MEM_BLOCK_reg[20][23]/U$1

Compared points are: Equivalent (reachable)
  (G) + 828   DFF  /Datapath/Register_inst/REG_MEM_BLOCK_reg[20][24]/U$1
  (R) + 799   DFF  /Datapath_Register_inst_REG_MEM_BLOCK_reg[20][24]/U$1

Compared points are: Equivalent (reachable)
  (G) + 829   DFF  /Datapath/Register_inst/REG_MEM_BLOCK_reg[20][25]/U$1
  (R) + 800   DFF  /Datapath_Register_inst_REG_MEM_BLOCK_reg[20][25]/U$1

Compared points are: Equivalent (reachable)
  (G) + 830   DFF  /Datapath/Register_inst/REG_MEM_BLOCK_reg[20][26]/U$1
  (R) + 801   DFF  /Datapath_Register_inst_REG_MEM_BLOCK_reg[20][26]/U$1

Compared points are: Equivalent (reachable)
  (G) + 831   DFF  /Datapath/Register_inst/REG_MEM_BLOCK_reg[20][27]/U$1
  (R) + 802   DFF  /Datapath_Register_inst_REG_MEM_BLOCK_reg[20][27]/U$1

Compared points are: Equivalent (reachable)
  (G) + 832   DFF  /Datapath/Register_inst/REG_MEM_BLOCK_reg[20][28]/U$1
  (R) + 803   DFF  /Datapath_Register_inst_REG_MEM_BLOCK_reg[20][28]/U$1

Compared points are: Equivalent (reachable)
  (G) + 833   DFF  /Datapath/Register_inst/REG_MEM_BLOCK_reg[20][29]/U$1
  (R) + 804   DFF  /Datapath_Register_inst_REG_MEM_BLOCK_reg[20][29]/U$1

Compared points are: Equivalent (reachable)
  (G) + 834   DFF  /Datapath/Register_inst/REG_MEM_BLOCK_reg[20][30]/U$1
  (R) + 805   DFF  /Datapath_Register_inst_REG_MEM_BLOCK_reg[20][30]/U$1

Compared points are: Equivalent (reachable)
  (G) + 835   DFF  /Datapath/Register_inst/REG_MEM_BLOCK_reg[20][31]/U$1
  (R) + 806   DFF  /Datapath_Register_inst_REG_MEM_BLOCK_reg[20][31]/U$1

Compared points are: Equivalent (reachable)
  (G) + 836   DFF  /Datapath/Register_inst/REG_MEM_BLOCK_reg[21][0]/U$1
  (R) + 807   DFF  /Datapath_Register_inst_REG_MEM_BLOCK_reg[21][0]/U$1

Compared points are: Equivalent (reachable)
  (G) + 837   DFF  /Datapath/Register_inst/REG_MEM_BLOCK_reg[21][1]/U$1
  (R) + 808   DFF  /Datapath_Register_inst_REG_MEM_BLOCK_reg[21][1]/U$1

Compared points are: Equivalent (reachable)
  (G) + 838   DFF  /Datapath/Register_inst/REG_MEM_BLOCK_reg[21][2]/U$1
  (R) + 809   DFF  /Datapath_Register_inst_REG_MEM_BLOCK_reg[21][2]/U$1

Compared points are: Equivalent (reachable)
  (G) + 839   DFF  /Datapath/Register_inst/REG_MEM_BLOCK_reg[21][3]/U$1
  (R) + 810   DFF  /Datapath_Register_inst_REG_MEM_BLOCK_reg[21][3]/U$1

Compared points are: Equivalent (reachable)
  (G) + 840   DFF  /Datapath/Register_inst/REG_MEM_BLOCK_reg[21][4]/U$1
  (R) + 811   DFF  /Datapath_Register_inst_REG_MEM_BLOCK_reg[21][4]/U$1

Compared points are: Equivalent (reachable)
  (G) + 841   DFF  /Datapath/Register_inst/REG_MEM_BLOCK_reg[21][5]/U$1
  (R) + 812   DFF  /Datapath_Register_inst_REG_MEM_BLOCK_reg[21][5]/U$1

Compared points are: Equivalent (reachable)
  (G) + 842   DFF  /Datapath/Register_inst/REG_MEM_BLOCK_reg[21][6]/U$1
  (R) + 813   DFF  /Datapath_Register_inst_REG_MEM_BLOCK_reg[21][6]/U$1

Compared points are: Equivalent (reachable)
  (G) + 843   DFF  /Datapath/Register_inst/REG_MEM_BLOCK_reg[21][7]/U$1
  (R) + 814   DFF  /Datapath_Register_inst_REG_MEM_BLOCK_reg[21][7]/U$1

Compared points are: Equivalent (reachable)
  (G) + 844   DFF  /Datapath/Register_inst/REG_MEM_BLOCK_reg[21][8]/U$1
  (R) + 815   DFF  /Datapath_Register_inst_REG_MEM_BLOCK_reg[21][8]/U$1

Compared points are: Equivalent (reachable)
  (G) + 845   DFF  /Datapath/Register_inst/REG_MEM_BLOCK_reg[21][9]/U$1
  (R) + 816   DFF  /Datapath_Register_inst_REG_MEM_BLOCK_reg[21][9]/U$1

Compared points are: Equivalent (reachable)
  (G) + 846   DFF  /Datapath/Register_inst/REG_MEM_BLOCK_reg[21][10]/U$1
  (R) + 817   DFF  /Datapath_Register_inst_REG_MEM_BLOCK_reg[21][10]/U$1

Compared points are: Equivalent (reachable)
  (G) + 847   DFF  /Datapath/Register_inst/REG_MEM_BLOCK_reg[21][11]/U$1
  (R) + 818   DFF  /Datapath_Register_inst_REG_MEM_BLOCK_reg[21][11]/U$1

Compared points are: Equivalent (reachable)
  (G) + 848   DFF  /Datapath/Register_inst/REG_MEM_BLOCK_reg[21][12]/U$1
  (R) + 819   DFF  /Datapath_Register_inst_REG_MEM_BLOCK_reg[21][12]/U$1

Compared points are: Equivalent (reachable)
  (G) + 849   DFF  /Datapath/Register_inst/REG_MEM_BLOCK_reg[21][13]/U$1
  (R) + 820   DFF  /Datapath_Register_inst_REG_MEM_BLOCK_reg[21][13]/U$1

Compared points are: Equivalent (reachable)
  (G) + 850   DFF  /Datapath/Register_inst/REG_MEM_BLOCK_reg[21][14]/U$1
  (R) + 821   DFF  /Datapath_Register_inst_REG_MEM_BLOCK_reg[21][14]/U$1

Compared points are: Equivalent (reachable)
  (G) + 851   DFF  /Datapath/Register_inst/REG_MEM_BLOCK_reg[21][15]/U$1
  (R) + 822   DFF  /Datapath_Register_inst_REG_MEM_BLOCK_reg[21][15]/U$1

Compared points are: Equivalent (reachable)
  (G) + 852   DFF  /Datapath/Register_inst/REG_MEM_BLOCK_reg[21][16]/U$1
  (R) + 823   DFF  /Datapath_Register_inst_REG_MEM_BLOCK_reg[21][16]/U$1

Compared points are: Equivalent (reachable)
  (G) + 853   DFF  /Datapath/Register_inst/REG_MEM_BLOCK_reg[21][17]/U$1
  (R) + 824   DFF  /Datapath_Register_inst_REG_MEM_BLOCK_reg[21][17]/U$1

Compared points are: Equivalent (reachable)
  (G) + 854   DFF  /Datapath/Register_inst/REG_MEM_BLOCK_reg[21][18]/U$1
  (R) + 825   DFF  /Datapath_Register_inst_REG_MEM_BLOCK_reg[21][18]/U$1

Compared points are: Equivalent (reachable)
  (G) + 855   DFF  /Datapath/Register_inst/REG_MEM_BLOCK_reg[21][19]/U$1
  (R) + 826   DFF  /Datapath_Register_inst_REG_MEM_BLOCK_reg[21][19]/U$1

Compared points are: Equivalent (reachable)
  (G) + 856   DFF  /Datapath/Register_inst/REG_MEM_BLOCK_reg[21][20]/U$1
  (R) + 827   DFF  /Datapath_Register_inst_REG_MEM_BLOCK_reg[21][20]/U$1

Compared points are: Equivalent (reachable)
  (G) + 857   DFF  /Datapath/Register_inst/REG_MEM_BLOCK_reg[21][21]/U$1
  (R) + 828   DFF  /Datapath_Register_inst_REG_MEM_BLOCK_reg[21][21]/U$1

Compared points are: Equivalent (reachable)
  (G) + 858   DFF  /Datapath/Register_inst/REG_MEM_BLOCK_reg[21][22]/U$1
  (R) + 829   DFF  /Datapath_Register_inst_REG_MEM_BLOCK_reg[21][22]/U$1

Compared points are: Equivalent (reachable)
  (G) + 859   DFF  /Datapath/Register_inst/REG_MEM_BLOCK_reg[21][23]/U$1
  (R) + 830   DFF  /Datapath_Register_inst_REG_MEM_BLOCK_reg[21][23]/U$1

Compared points are: Equivalent (reachable)
  (G) + 860   DFF  /Datapath/Register_inst/REG_MEM_BLOCK_reg[21][24]/U$1
  (R) + 831   DFF  /Datapath_Register_inst_REG_MEM_BLOCK_reg[21][24]/U$1

Compared points are: Equivalent (reachable)
  (G) + 861   DFF  /Datapath/Register_inst/REG_MEM_BLOCK_reg[21][25]/U$1
  (R) + 832   DFF  /Datapath_Register_inst_REG_MEM_BLOCK_reg[21][25]/U$1

Compared points are: Equivalent (reachable)
  (G) + 862   DFF  /Datapath/Register_inst/REG_MEM_BLOCK_reg[21][26]/U$1
  (R) + 833   DFF  /Datapath_Register_inst_REG_MEM_BLOCK_reg[21][26]/U$1

Compared points are: Equivalent (reachable)
  (G) + 863   DFF  /Datapath/Register_inst/REG_MEM_BLOCK_reg[21][27]/U$1
  (R) + 834   DFF  /Datapath_Register_inst_REG_MEM_BLOCK_reg[21][27]/U$1

Compared points are: Equivalent (reachable)
  (G) + 864   DFF  /Datapath/Register_inst/REG_MEM_BLOCK_reg[21][28]/U$1
  (R) + 835   DFF  /Datapath_Register_inst_REG_MEM_BLOCK_reg[21][28]/U$1

Compared points are: Equivalent (reachable)
  (G) + 865   DFF  /Datapath/Register_inst/REG_MEM_BLOCK_reg[21][29]/U$1
  (R) + 836   DFF  /Datapath_Register_inst_REG_MEM_BLOCK_reg[21][29]/U$1

Compared points are: Equivalent (reachable)
  (G) + 866   DFF  /Datapath/Register_inst/REG_MEM_BLOCK_reg[21][30]/U$1
  (R) + 837   DFF  /Datapath_Register_inst_REG_MEM_BLOCK_reg[21][30]/U$1

Compared points are: Equivalent (reachable)
  (G) + 867   DFF  /Datapath/Register_inst/REG_MEM_BLOCK_reg[21][31]/U$1
  (R) + 838   DFF  /Datapath_Register_inst_REG_MEM_BLOCK_reg[21][31]/U$1

Compared points are: Equivalent (reachable)
  (G) + 868   DFF  /Datapath/Register_inst/REG_MEM_BLOCK_reg[22][0]/U$1
  (R) + 839   DFF  /Datapath_Register_inst_REG_MEM_BLOCK_reg[22][0]/U$1

Compared points are: Equivalent (reachable)
  (G) + 869   DFF  /Datapath/Register_inst/REG_MEM_BLOCK_reg[22][1]/U$1
  (R) + 840   DFF  /Datapath_Register_inst_REG_MEM_BLOCK_reg[22][1]/U$1

Compared points are: Equivalent (reachable)
  (G) + 870   DFF  /Datapath/Register_inst/REG_MEM_BLOCK_reg[22][2]/U$1
  (R) + 841   DFF  /Datapath_Register_inst_REG_MEM_BLOCK_reg[22][2]/U$1

Compared points are: Equivalent (reachable)
  (G) + 871   DFF  /Datapath/Register_inst/REG_MEM_BLOCK_reg[22][3]/U$1
  (R) + 842   DFF  /Datapath_Register_inst_REG_MEM_BLOCK_reg[22][3]/U$1

Compared points are: Equivalent (reachable)
  (G) + 872   DFF  /Datapath/Register_inst/REG_MEM_BLOCK_reg[22][4]/U$1
  (R) + 843   DFF  /Datapath_Register_inst_REG_MEM_BLOCK_reg[22][4]/U$1

Compared points are: Equivalent (reachable)
  (G) + 873   DFF  /Datapath/Register_inst/REG_MEM_BLOCK_reg[22][5]/U$1
  (R) + 844   DFF  /Datapath_Register_inst_REG_MEM_BLOCK_reg[22][5]/U$1

Compared points are: Equivalent (reachable)
  (G) + 874   DFF  /Datapath/Register_inst/REG_MEM_BLOCK_reg[22][6]/U$1
  (R) + 845   DFF  /Datapath_Register_inst_REG_MEM_BLOCK_reg[22][6]/U$1

Compared points are: Equivalent (reachable)
  (G) + 875   DFF  /Datapath/Register_inst/REG_MEM_BLOCK_reg[22][7]/U$1
  (R) + 846   DFF  /Datapath_Register_inst_REG_MEM_BLOCK_reg[22][7]/U$1

Compared points are: Equivalent (reachable)
  (G) + 876   DFF  /Datapath/Register_inst/REG_MEM_BLOCK_reg[22][8]/U$1
  (R) + 847   DFF  /Datapath_Register_inst_REG_MEM_BLOCK_reg[22][8]/U$1

Compared points are: Equivalent (reachable)
  (G) + 877   DFF  /Datapath/Register_inst/REG_MEM_BLOCK_reg[22][9]/U$1
  (R) + 848   DFF  /Datapath_Register_inst_REG_MEM_BLOCK_reg[22][9]/U$1

Compared points are: Equivalent (reachable)
  (G) + 878   DFF  /Datapath/Register_inst/REG_MEM_BLOCK_reg[22][10]/U$1
  (R) + 849   DFF  /Datapath_Register_inst_REG_MEM_BLOCK_reg[22][10]/U$1

Compared points are: Equivalent (reachable)
  (G) + 879   DFF  /Datapath/Register_inst/REG_MEM_BLOCK_reg[22][11]/U$1
  (R) + 850   DFF  /Datapath_Register_inst_REG_MEM_BLOCK_reg[22][11]/U$1

Compared points are: Equivalent (reachable)
  (G) + 880   DFF  /Datapath/Register_inst/REG_MEM_BLOCK_reg[22][12]/U$1
  (R) + 851   DFF  /Datapath_Register_inst_REG_MEM_BLOCK_reg[22][12]/U$1

Compared points are: Equivalent (reachable)
  (G) + 881   DFF  /Datapath/Register_inst/REG_MEM_BLOCK_reg[22][13]/U$1
  (R) + 852   DFF  /Datapath_Register_inst_REG_MEM_BLOCK_reg[22][13]/U$1

Compared points are: Equivalent (reachable)
  (G) + 882   DFF  /Datapath/Register_inst/REG_MEM_BLOCK_reg[22][14]/U$1
  (R) + 853   DFF  /Datapath_Register_inst_REG_MEM_BLOCK_reg[22][14]/U$1

Compared points are: Equivalent (reachable)
  (G) + 883   DFF  /Datapath/Register_inst/REG_MEM_BLOCK_reg[22][15]/U$1
  (R) + 854   DFF  /Datapath_Register_inst_REG_MEM_BLOCK_reg[22][15]/U$1

Compared points are: Equivalent (reachable)
  (G) + 884   DFF  /Datapath/Register_inst/REG_MEM_BLOCK_reg[22][16]/U$1
  (R) + 855   DFF  /Datapath_Register_inst_REG_MEM_BLOCK_reg[22][16]/U$1

Compared points are: Equivalent (reachable)
  (G) + 885   DFF  /Datapath/Register_inst/REG_MEM_BLOCK_reg[22][17]/U$1
  (R) + 856   DFF  /Datapath_Register_inst_REG_MEM_BLOCK_reg[22][17]/U$1

Compared points are: Equivalent (reachable)
  (G) + 886   DFF  /Datapath/Register_inst/REG_MEM_BLOCK_reg[22][18]/U$1
  (R) + 857   DFF  /Datapath_Register_inst_REG_MEM_BLOCK_reg[22][18]/U$1

Compared points are: Equivalent (reachable)
  (G) + 887   DFF  /Datapath/Register_inst/REG_MEM_BLOCK_reg[22][19]/U$1
  (R) + 858   DFF  /Datapath_Register_inst_REG_MEM_BLOCK_reg[22][19]/U$1

Compared points are: Equivalent (reachable)
  (G) + 888   DFF  /Datapath/Register_inst/REG_MEM_BLOCK_reg[22][20]/U$1
  (R) + 859   DFF  /Datapath_Register_inst_REG_MEM_BLOCK_reg[22][20]/U$1

Compared points are: Equivalent (reachable)
  (G) + 889   DFF  /Datapath/Register_inst/REG_MEM_BLOCK_reg[22][21]/U$1
  (R) + 860   DFF  /Datapath_Register_inst_REG_MEM_BLOCK_reg[22][21]/U$1

Compared points are: Equivalent (reachable)
  (G) + 890   DFF  /Datapath/Register_inst/REG_MEM_BLOCK_reg[22][22]/U$1
  (R) + 861   DFF  /Datapath_Register_inst_REG_MEM_BLOCK_reg[22][22]/U$1

Compared points are: Equivalent (reachable)
  (G) + 891   DFF  /Datapath/Register_inst/REG_MEM_BLOCK_reg[22][23]/U$1
  (R) + 862   DFF  /Datapath_Register_inst_REG_MEM_BLOCK_reg[22][23]/U$1

Compared points are: Equivalent (reachable)
  (G) + 892   DFF  /Datapath/Register_inst/REG_MEM_BLOCK_reg[22][24]/U$1
  (R) + 863   DFF  /Datapath_Register_inst_REG_MEM_BLOCK_reg[22][24]/U$1

Compared points are: Equivalent (reachable)
  (G) + 893   DFF  /Datapath/Register_inst/REG_MEM_BLOCK_reg[22][25]/U$1
  (R) + 864   DFF  /Datapath_Register_inst_REG_MEM_BLOCK_reg[22][25]/U$1

Compared points are: Equivalent (reachable)
  (G) + 894   DFF  /Datapath/Register_inst/REG_MEM_BLOCK_reg[22][26]/U$1
  (R) + 865   DFF  /Datapath_Register_inst_REG_MEM_BLOCK_reg[22][26]/U$1

Compared points are: Equivalent (reachable)
  (G) + 895   DFF  /Datapath/Register_inst/REG_MEM_BLOCK_reg[22][27]/U$1
  (R) + 866   DFF  /Datapath_Register_inst_REG_MEM_BLOCK_reg[22][27]/U$1

Compared points are: Equivalent (reachable)
  (G) + 896   DFF  /Datapath/Register_inst/REG_MEM_BLOCK_reg[22][28]/U$1
  (R) + 867   DFF  /Datapath_Register_inst_REG_MEM_BLOCK_reg[22][28]/U$1

Compared points are: Equivalent (reachable)
  (G) + 897   DFF  /Datapath/Register_inst/REG_MEM_BLOCK_reg[22][29]/U$1
  (R) + 868   DFF  /Datapath_Register_inst_REG_MEM_BLOCK_reg[22][29]/U$1

Compared points are: Equivalent (reachable)
  (G) + 898   DFF  /Datapath/Register_inst/REG_MEM_BLOCK_reg[22][30]/U$1
  (R) + 869   DFF  /Datapath_Register_inst_REG_MEM_BLOCK_reg[22][30]/U$1

Compared points are: Equivalent (reachable)
  (G) + 899   DFF  /Datapath/Register_inst/REG_MEM_BLOCK_reg[22][31]/U$1
  (R) + 870   DFF  /Datapath_Register_inst_REG_MEM_BLOCK_reg[22][31]/U$1

Compared points are: Equivalent (reachable)
  (G) + 900   DFF  /Datapath/Register_inst/REG_MEM_BLOCK_reg[23][0]/U$1
  (R) + 871   DFF  /Datapath_Register_inst_REG_MEM_BLOCK_reg[23][0]/U$1

Compared points are: Equivalent (reachable)
  (G) + 901   DFF  /Datapath/Register_inst/REG_MEM_BLOCK_reg[23][1]/U$1
  (R) + 872   DFF  /Datapath_Register_inst_REG_MEM_BLOCK_reg[23][1]/U$1

Compared points are: Equivalent (reachable)
  (G) + 902   DFF  /Datapath/Register_inst/REG_MEM_BLOCK_reg[23][2]/U$1
  (R) + 873   DFF  /Datapath_Register_inst_REG_MEM_BLOCK_reg[23][2]/U$1

Compared points are: Equivalent (reachable)
  (G) + 903   DFF  /Datapath/Register_inst/REG_MEM_BLOCK_reg[23][3]/U$1
  (R) + 874   DFF  /Datapath_Register_inst_REG_MEM_BLOCK_reg[23][3]/U$1

Compared points are: Equivalent (reachable)
  (G) + 904   DFF  /Datapath/Register_inst/REG_MEM_BLOCK_reg[23][4]/U$1
  (R) + 875   DFF  /Datapath_Register_inst_REG_MEM_BLOCK_reg[23][4]/U$1

Compared points are: Equivalent (reachable)
  (G) + 905   DFF  /Datapath/Register_inst/REG_MEM_BLOCK_reg[23][5]/U$1
  (R) + 876   DFF  /Datapath_Register_inst_REG_MEM_BLOCK_reg[23][5]/U$1

Compared points are: Equivalent (reachable)
  (G) + 906   DFF  /Datapath/Register_inst/REG_MEM_BLOCK_reg[23][6]/U$1
  (R) + 877   DFF  /Datapath_Register_inst_REG_MEM_BLOCK_reg[23][6]/U$1

Compared points are: Equivalent (reachable)
  (G) + 907   DFF  /Datapath/Register_inst/REG_MEM_BLOCK_reg[23][7]/U$1
  (R) + 878   DFF  /Datapath_Register_inst_REG_MEM_BLOCK_reg[23][7]/U$1

Compared points are: Equivalent (reachable)
  (G) + 908   DFF  /Datapath/Register_inst/REG_MEM_BLOCK_reg[23][8]/U$1
  (R) + 879   DFF  /Datapath_Register_inst_REG_MEM_BLOCK_reg[23][8]/U$1

Compared points are: Equivalent (reachable)
  (G) + 909   DFF  /Datapath/Register_inst/REG_MEM_BLOCK_reg[23][9]/U$1
  (R) + 880   DFF  /Datapath_Register_inst_REG_MEM_BLOCK_reg[23][9]/U$1

Compared points are: Equivalent (reachable)
  (G) + 910   DFF  /Datapath/Register_inst/REG_MEM_BLOCK_reg[23][10]/U$1
  (R) + 881   DFF  /Datapath_Register_inst_REG_MEM_BLOCK_reg[23][10]/U$1

Compared points are: Equivalent (reachable)
  (G) + 911   DFF  /Datapath/Register_inst/REG_MEM_BLOCK_reg[23][11]/U$1
  (R) + 882   DFF  /Datapath_Register_inst_REG_MEM_BLOCK_reg[23][11]/U$1

Compared points are: Equivalent (reachable)
  (G) + 912   DFF  /Datapath/Register_inst/REG_MEM_BLOCK_reg[23][12]/U$1
  (R) + 883   DFF  /Datapath_Register_inst_REG_MEM_BLOCK_reg[23][12]/U$1

Compared points are: Equivalent (reachable)
  (G) + 913   DFF  /Datapath/Register_inst/REG_MEM_BLOCK_reg[23][13]/U$1
  (R) + 884   DFF  /Datapath_Register_inst_REG_MEM_BLOCK_reg[23][13]/U$1

Compared points are: Equivalent (reachable)
  (G) + 914   DFF  /Datapath/Register_inst/REG_MEM_BLOCK_reg[23][14]/U$1
  (R) + 885   DFF  /Datapath_Register_inst_REG_MEM_BLOCK_reg[23][14]/U$1

Compared points are: Equivalent (reachable)
  (G) + 915   DFF  /Datapath/Register_inst/REG_MEM_BLOCK_reg[23][15]/U$1
  (R) + 886   DFF  /Datapath_Register_inst_REG_MEM_BLOCK_reg[23][15]/U$1

Compared points are: Equivalent (reachable)
  (G) + 916   DFF  /Datapath/Register_inst/REG_MEM_BLOCK_reg[23][16]/U$1
  (R) + 887   DFF  /Datapath_Register_inst_REG_MEM_BLOCK_reg[23][16]/U$1

Compared points are: Equivalent (reachable)
  (G) + 917   DFF  /Datapath/Register_inst/REG_MEM_BLOCK_reg[23][17]/U$1
  (R) + 888   DFF  /Datapath_Register_inst_REG_MEM_BLOCK_reg[23][17]/U$1

Compared points are: Equivalent (reachable)
  (G) + 918   DFF  /Datapath/Register_inst/REG_MEM_BLOCK_reg[23][18]/U$1
  (R) + 889   DFF  /Datapath_Register_inst_REG_MEM_BLOCK_reg[23][18]/U$1

Compared points are: Equivalent (reachable)
  (G) + 919   DFF  /Datapath/Register_inst/REG_MEM_BLOCK_reg[23][19]/U$1
  (R) + 890   DFF  /Datapath_Register_inst_REG_MEM_BLOCK_reg[23][19]/U$1

Compared points are: Equivalent (reachable)
  (G) + 920   DFF  /Datapath/Register_inst/REG_MEM_BLOCK_reg[23][20]/U$1
  (R) + 891   DFF  /Datapath_Register_inst_REG_MEM_BLOCK_reg[23][20]/U$1

Compared points are: Equivalent (reachable)
  (G) + 921   DFF  /Datapath/Register_inst/REG_MEM_BLOCK_reg[23][21]/U$1
  (R) + 892   DFF  /Datapath_Register_inst_REG_MEM_BLOCK_reg[23][21]/U$1

Compared points are: Equivalent (reachable)
  (G) + 922   DFF  /Datapath/Register_inst/REG_MEM_BLOCK_reg[23][22]/U$1
  (R) + 893   DFF  /Datapath_Register_inst_REG_MEM_BLOCK_reg[23][22]/U$1

Compared points are: Equivalent (reachable)
  (G) + 923   DFF  /Datapath/Register_inst/REG_MEM_BLOCK_reg[23][23]/U$1
  (R) + 894   DFF  /Datapath_Register_inst_REG_MEM_BLOCK_reg[23][23]/U$1

Compared points are: Equivalent (reachable)
  (G) + 924   DFF  /Datapath/Register_inst/REG_MEM_BLOCK_reg[23][24]/U$1
  (R) + 895   DFF  /Datapath_Register_inst_REG_MEM_BLOCK_reg[23][24]/U$1

Compared points are: Equivalent (reachable)
  (G) + 925   DFF  /Datapath/Register_inst/REG_MEM_BLOCK_reg[23][25]/U$1
  (R) + 896   DFF  /Datapath_Register_inst_REG_MEM_BLOCK_reg[23][25]/U$1

Compared points are: Equivalent (reachable)
  (G) + 926   DFF  /Datapath/Register_inst/REG_MEM_BLOCK_reg[23][26]/U$1
  (R) + 897   DFF  /Datapath_Register_inst_REG_MEM_BLOCK_reg[23][26]/U$1

Compared points are: Equivalent (reachable)
  (G) + 927   DFF  /Datapath/Register_inst/REG_MEM_BLOCK_reg[23][27]/U$1
  (R) + 898   DFF  /Datapath_Register_inst_REG_MEM_BLOCK_reg[23][27]/U$1

Compared points are: Equivalent (reachable)
  (G) + 928   DFF  /Datapath/Register_inst/REG_MEM_BLOCK_reg[23][28]/U$1
  (R) + 899   DFF  /Datapath_Register_inst_REG_MEM_BLOCK_reg[23][28]/U$1

Compared points are: Equivalent (reachable)
  (G) + 929   DFF  /Datapath/Register_inst/REG_MEM_BLOCK_reg[23][29]/U$1
  (R) + 900   DFF  /Datapath_Register_inst_REG_MEM_BLOCK_reg[23][29]/U$1

Compared points are: Equivalent (reachable)
  (G) + 930   DFF  /Datapath/Register_inst/REG_MEM_BLOCK_reg[23][30]/U$1
  (R) + 901   DFF  /Datapath_Register_inst_REG_MEM_BLOCK_reg[23][30]/U$1

Compared points are: Equivalent (reachable)
  (G) + 931   DFF  /Datapath/Register_inst/REG_MEM_BLOCK_reg[23][31]/U$1
  (R) + 902   DFF  /Datapath_Register_inst_REG_MEM_BLOCK_reg[23][31]/U$1

Compared points are: Equivalent (reachable)
  (G) + 932   DFF  /Datapath/Register_inst/REG_MEM_BLOCK_reg[24][0]/U$1
  (R) + 903   DFF  /Datapath_Register_inst_REG_MEM_BLOCK_reg[24][0]/U$1

Compared points are: Equivalent (reachable)
  (G) + 933   DFF  /Datapath/Register_inst/REG_MEM_BLOCK_reg[24][1]/U$1
  (R) + 904   DFF  /Datapath_Register_inst_REG_MEM_BLOCK_reg[24][1]/U$1

Compared points are: Equivalent (reachable)
  (G) + 934   DFF  /Datapath/Register_inst/REG_MEM_BLOCK_reg[24][2]/U$1
  (R) + 905   DFF  /Datapath_Register_inst_REG_MEM_BLOCK_reg[24][2]/U$1

Compared points are: Equivalent (reachable)
  (G) + 935   DFF  /Datapath/Register_inst/REG_MEM_BLOCK_reg[24][3]/U$1
  (R) + 906   DFF  /Datapath_Register_inst_REG_MEM_BLOCK_reg[24][3]/U$1

Compared points are: Equivalent (reachable)
  (G) + 936   DFF  /Datapath/Register_inst/REG_MEM_BLOCK_reg[24][4]/U$1
  (R) + 907   DFF  /Datapath_Register_inst_REG_MEM_BLOCK_reg[24][4]/U$1

Compared points are: Equivalent (reachable)
  (G) + 937   DFF  /Datapath/Register_inst/REG_MEM_BLOCK_reg[24][5]/U$1
  (R) + 908   DFF  /Datapath_Register_inst_REG_MEM_BLOCK_reg[24][5]/U$1

Compared points are: Equivalent (reachable)
  (G) + 938   DFF  /Datapath/Register_inst/REG_MEM_BLOCK_reg[24][6]/U$1
  (R) + 909   DFF  /Datapath_Register_inst_REG_MEM_BLOCK_reg[24][6]/U$1

Compared points are: Equivalent (reachable)
  (G) + 939   DFF  /Datapath/Register_inst/REG_MEM_BLOCK_reg[24][7]/U$1
  (R) + 910   DFF  /Datapath_Register_inst_REG_MEM_BLOCK_reg[24][7]/U$1

Compared points are: Equivalent (reachable)
  (G) + 940   DFF  /Datapath/Register_inst/REG_MEM_BLOCK_reg[24][8]/U$1
  (R) + 911   DFF  /Datapath_Register_inst_REG_MEM_BLOCK_reg[24][8]/U$1

Compared points are: Equivalent (reachable)
  (G) + 941   DFF  /Datapath/Register_inst/REG_MEM_BLOCK_reg[24][9]/U$1
  (R) + 912   DFF  /Datapath_Register_inst_REG_MEM_BLOCK_reg[24][9]/U$1

Compared points are: Equivalent (reachable)
  (G) + 942   DFF  /Datapath/Register_inst/REG_MEM_BLOCK_reg[24][10]/U$1
  (R) + 913   DFF  /Datapath_Register_inst_REG_MEM_BLOCK_reg[24][10]/U$1

Compared points are: Equivalent (reachable)
  (G) + 943   DFF  /Datapath/Register_inst/REG_MEM_BLOCK_reg[24][11]/U$1
  (R) + 914   DFF  /Datapath_Register_inst_REG_MEM_BLOCK_reg[24][11]/U$1

Compared points are: Equivalent (reachable)
  (G) + 944   DFF  /Datapath/Register_inst/REG_MEM_BLOCK_reg[24][12]/U$1
  (R) + 915   DFF  /Datapath_Register_inst_REG_MEM_BLOCK_reg[24][12]/U$1

Compared points are: Equivalent (reachable)
  (G) + 945   DFF  /Datapath/Register_inst/REG_MEM_BLOCK_reg[24][13]/U$1
  (R) + 916   DFF  /Datapath_Register_inst_REG_MEM_BLOCK_reg[24][13]/U$1

Compared points are: Equivalent (reachable)
  (G) + 946   DFF  /Datapath/Register_inst/REG_MEM_BLOCK_reg[24][14]/U$1
  (R) + 917   DFF  /Datapath_Register_inst_REG_MEM_BLOCK_reg[24][14]/U$1

Compared points are: Equivalent (reachable)
  (G) + 947   DFF  /Datapath/Register_inst/REG_MEM_BLOCK_reg[24][15]/U$1
  (R) + 918   DFF  /Datapath_Register_inst_REG_MEM_BLOCK_reg[24][15]/U$1

Compared points are: Equivalent (reachable)
  (G) + 948   DFF  /Datapath/Register_inst/REG_MEM_BLOCK_reg[24][16]/U$1
  (R) + 919   DFF  /Datapath_Register_inst_REG_MEM_BLOCK_reg[24][16]/U$1

Compared points are: Equivalent (reachable)
  (G) + 949   DFF  /Datapath/Register_inst/REG_MEM_BLOCK_reg[24][17]/U$1
  (R) + 920   DFF  /Datapath_Register_inst_REG_MEM_BLOCK_reg[24][17]/U$1

Compared points are: Equivalent (reachable)
  (G) + 950   DFF  /Datapath/Register_inst/REG_MEM_BLOCK_reg[24][18]/U$1
  (R) + 921   DFF  /Datapath_Register_inst_REG_MEM_BLOCK_reg[24][18]/U$1

Compared points are: Equivalent (reachable)
  (G) + 951   DFF  /Datapath/Register_inst/REG_MEM_BLOCK_reg[24][19]/U$1
  (R) + 922   DFF  /Datapath_Register_inst_REG_MEM_BLOCK_reg[24][19]/U$1

Compared points are: Equivalent (reachable)
  (G) + 952   DFF  /Datapath/Register_inst/REG_MEM_BLOCK_reg[24][20]/U$1
  (R) + 923   DFF  /Datapath_Register_inst_REG_MEM_BLOCK_reg[24][20]/U$1

Compared points are: Equivalent (reachable)
  (G) + 953   DFF  /Datapath/Register_inst/REG_MEM_BLOCK_reg[24][21]/U$1
  (R) + 924   DFF  /Datapath_Register_inst_REG_MEM_BLOCK_reg[24][21]/U$1

Compared points are: Equivalent (reachable)
  (G) + 954   DFF  /Datapath/Register_inst/REG_MEM_BLOCK_reg[24][22]/U$1
  (R) + 925   DFF  /Datapath_Register_inst_REG_MEM_BLOCK_reg[24][22]/U$1

Compared points are: Equivalent (reachable)
  (G) + 955   DFF  /Datapath/Register_inst/REG_MEM_BLOCK_reg[24][23]/U$1
  (R) + 926   DFF  /Datapath_Register_inst_REG_MEM_BLOCK_reg[24][23]/U$1

Compared points are: Equivalent (reachable)
  (G) + 956   DFF  /Datapath/Register_inst/REG_MEM_BLOCK_reg[24][24]/U$1
  (R) + 927   DFF  /Datapath_Register_inst_REG_MEM_BLOCK_reg[24][24]/U$1

Compared points are: Equivalent (reachable)
  (G) + 957   DFF  /Datapath/Register_inst/REG_MEM_BLOCK_reg[24][25]/U$1
  (R) + 928   DFF  /Datapath_Register_inst_REG_MEM_BLOCK_reg[24][25]/U$1

Compared points are: Equivalent (reachable)
  (G) + 958   DFF  /Datapath/Register_inst/REG_MEM_BLOCK_reg[24][26]/U$1
  (R) + 929   DFF  /Datapath_Register_inst_REG_MEM_BLOCK_reg[24][26]/U$1

Compared points are: Equivalent (reachable)
  (G) + 959   DFF  /Datapath/Register_inst/REG_MEM_BLOCK_reg[24][27]/U$1
  (R) + 930   DFF  /Datapath_Register_inst_REG_MEM_BLOCK_reg[24][27]/U$1

Compared points are: Equivalent (reachable)
  (G) + 960   DFF  /Datapath/Register_inst/REG_MEM_BLOCK_reg[24][28]/U$1
  (R) + 931   DFF  /Datapath_Register_inst_REG_MEM_BLOCK_reg[24][28]/U$1

Compared points are: Equivalent (reachable)
  (G) + 961   DFF  /Datapath/Register_inst/REG_MEM_BLOCK_reg[24][29]/U$1
  (R) + 932   DFF  /Datapath_Register_inst_REG_MEM_BLOCK_reg[24][29]/U$1

Compared points are: Equivalent (reachable)
  (G) + 962   DFF  /Datapath/Register_inst/REG_MEM_BLOCK_reg[24][30]/U$1
  (R) + 933   DFF  /Datapath_Register_inst_REG_MEM_BLOCK_reg[24][30]/U$1

Compared points are: Equivalent (reachable)
  (G) + 963   DFF  /Datapath/Register_inst/REG_MEM_BLOCK_reg[24][31]/U$1
  (R) + 934   DFF  /Datapath_Register_inst_REG_MEM_BLOCK_reg[24][31]/U$1

Compared points are: Equivalent (reachable)
  (G) + 964   DFF  /Datapath/Register_inst/REG_MEM_BLOCK_reg[25][0]/U$1
  (R) + 935   DFF  /Datapath_Register_inst_REG_MEM_BLOCK_reg[25][0]/U$1

Compared points are: Equivalent (reachable)
  (G) + 965   DFF  /Datapath/Register_inst/REG_MEM_BLOCK_reg[25][1]/U$1
  (R) + 936   DFF  /Datapath_Register_inst_REG_MEM_BLOCK_reg[25][1]/U$1

Compared points are: Equivalent (reachable)
  (G) + 966   DFF  /Datapath/Register_inst/REG_MEM_BLOCK_reg[25][2]/U$1
  (R) + 937   DFF  /Datapath_Register_inst_REG_MEM_BLOCK_reg[25][2]/U$1

Compared points are: Equivalent (reachable)
  (G) + 967   DFF  /Datapath/Register_inst/REG_MEM_BLOCK_reg[25][3]/U$1
  (R) + 938   DFF  /Datapath_Register_inst_REG_MEM_BLOCK_reg[25][3]/U$1

Compared points are: Equivalent (reachable)
  (G) + 968   DFF  /Datapath/Register_inst/REG_MEM_BLOCK_reg[25][4]/U$1
  (R) + 939   DFF  /Datapath_Register_inst_REG_MEM_BLOCK_reg[25][4]/U$1

Compared points are: Equivalent (reachable)
  (G) + 969   DFF  /Datapath/Register_inst/REG_MEM_BLOCK_reg[25][5]/U$1
  (R) + 940   DFF  /Datapath_Register_inst_REG_MEM_BLOCK_reg[25][5]/U$1

Compared points are: Equivalent (reachable)
  (G) + 970   DFF  /Datapath/Register_inst/REG_MEM_BLOCK_reg[25][6]/U$1
  (R) + 941   DFF  /Datapath_Register_inst_REG_MEM_BLOCK_reg[25][6]/U$1

Compared points are: Equivalent (reachable)
  (G) + 971   DFF  /Datapath/Register_inst/REG_MEM_BLOCK_reg[25][7]/U$1
  (R) + 942   DFF  /Datapath_Register_inst_REG_MEM_BLOCK_reg[25][7]/U$1

Compared points are: Equivalent (reachable)
  (G) + 972   DFF  /Datapath/Register_inst/REG_MEM_BLOCK_reg[25][8]/U$1
  (R) + 943   DFF  /Datapath_Register_inst_REG_MEM_BLOCK_reg[25][8]/U$1

Compared points are: Equivalent (reachable)
  (G) + 973   DFF  /Datapath/Register_inst/REG_MEM_BLOCK_reg[25][9]/U$1
  (R) + 944   DFF  /Datapath_Register_inst_REG_MEM_BLOCK_reg[25][9]/U$1

Compared points are: Equivalent (reachable)
  (G) + 974   DFF  /Datapath/Register_inst/REG_MEM_BLOCK_reg[25][10]/U$1
  (R) + 945   DFF  /Datapath_Register_inst_REG_MEM_BLOCK_reg[25][10]/U$1

Compared points are: Equivalent (reachable)
  (G) + 975   DFF  /Datapath/Register_inst/REG_MEM_BLOCK_reg[25][11]/U$1
  (R) + 946   DFF  /Datapath_Register_inst_REG_MEM_BLOCK_reg[25][11]/U$1

Compared points are: Equivalent (reachable)
  (G) + 976   DFF  /Datapath/Register_inst/REG_MEM_BLOCK_reg[25][12]/U$1
  (R) + 947   DFF  /Datapath_Register_inst_REG_MEM_BLOCK_reg[25][12]/U$1

Compared points are: Equivalent (reachable)
  (G) + 977   DFF  /Datapath/Register_inst/REG_MEM_BLOCK_reg[25][13]/U$1
  (R) + 948   DFF  /Datapath_Register_inst_REG_MEM_BLOCK_reg[25][13]/U$1

Compared points are: Equivalent (reachable)
  (G) + 978   DFF  /Datapath/Register_inst/REG_MEM_BLOCK_reg[25][14]/U$1
  (R) + 949   DFF  /Datapath_Register_inst_REG_MEM_BLOCK_reg[25][14]/U$1

Compared points are: Equivalent (reachable)
  (G) + 979   DFF  /Datapath/Register_inst/REG_MEM_BLOCK_reg[25][15]/U$1
  (R) + 950   DFF  /Datapath_Register_inst_REG_MEM_BLOCK_reg[25][15]/U$1

Compared points are: Equivalent (reachable)
  (G) + 980   DFF  /Datapath/Register_inst/REG_MEM_BLOCK_reg[25][16]/U$1
  (R) + 951   DFF  /Datapath_Register_inst_REG_MEM_BLOCK_reg[25][16]/U$1

Compared points are: Equivalent (reachable)
  (G) + 981   DFF  /Datapath/Register_inst/REG_MEM_BLOCK_reg[25][17]/U$1
  (R) + 952   DFF  /Datapath_Register_inst_REG_MEM_BLOCK_reg[25][17]/U$1

Compared points are: Equivalent (reachable)
  (G) + 982   DFF  /Datapath/Register_inst/REG_MEM_BLOCK_reg[25][18]/U$1
  (R) + 953   DFF  /Datapath_Register_inst_REG_MEM_BLOCK_reg[25][18]/U$1

Compared points are: Equivalent (reachable)
  (G) + 983   DFF  /Datapath/Register_inst/REG_MEM_BLOCK_reg[25][19]/U$1
  (R) + 954   DFF  /Datapath_Register_inst_REG_MEM_BLOCK_reg[25][19]/U$1

Compared points are: Equivalent (reachable)
  (G) + 984   DFF  /Datapath/Register_inst/REG_MEM_BLOCK_reg[25][20]/U$1
  (R) + 955   DFF  /Datapath_Register_inst_REG_MEM_BLOCK_reg[25][20]/U$1

Compared points are: Equivalent (reachable)
  (G) + 985   DFF  /Datapath/Register_inst/REG_MEM_BLOCK_reg[25][21]/U$1
  (R) + 956   DFF  /Datapath_Register_inst_REG_MEM_BLOCK_reg[25][21]/U$1

Compared points are: Equivalent (reachable)
  (G) + 986   DFF  /Datapath/Register_inst/REG_MEM_BLOCK_reg[25][22]/U$1
  (R) + 957   DFF  /Datapath_Register_inst_REG_MEM_BLOCK_reg[25][22]/U$1

Compared points are: Equivalent (reachable)
  (G) + 987   DFF  /Datapath/Register_inst/REG_MEM_BLOCK_reg[25][23]/U$1
  (R) + 958   DFF  /Datapath_Register_inst_REG_MEM_BLOCK_reg[25][23]/U$1

Compared points are: Equivalent (reachable)
  (G) + 988   DFF  /Datapath/Register_inst/REG_MEM_BLOCK_reg[25][24]/U$1
  (R) + 959   DFF  /Datapath_Register_inst_REG_MEM_BLOCK_reg[25][24]/U$1

Compared points are: Equivalent (reachable)
  (G) + 989   DFF  /Datapath/Register_inst/REG_MEM_BLOCK_reg[25][25]/U$1
  (R) + 960   DFF  /Datapath_Register_inst_REG_MEM_BLOCK_reg[25][25]/U$1

Compared points are: Equivalent (reachable)
  (G) + 990   DFF  /Datapath/Register_inst/REG_MEM_BLOCK_reg[25][26]/U$1
  (R) + 961   DFF  /Datapath_Register_inst_REG_MEM_BLOCK_reg[25][26]/U$1

Compared points are: Equivalent (reachable)
  (G) + 991   DFF  /Datapath/Register_inst/REG_MEM_BLOCK_reg[25][27]/U$1
  (R) + 962   DFF  /Datapath_Register_inst_REG_MEM_BLOCK_reg[25][27]/U$1

Compared points are: Equivalent (reachable)
  (G) + 992   DFF  /Datapath/Register_inst/REG_MEM_BLOCK_reg[25][28]/U$1
  (R) + 963   DFF  /Datapath_Register_inst_REG_MEM_BLOCK_reg[25][28]/U$1

Compared points are: Equivalent (reachable)
  (G) + 993   DFF  /Datapath/Register_inst/REG_MEM_BLOCK_reg[25][29]/U$1
  (R) + 964   DFF  /Datapath_Register_inst_REG_MEM_BLOCK_reg[25][29]/U$1

Compared points are: Equivalent (reachable)
  (G) + 994   DFF  /Datapath/Register_inst/REG_MEM_BLOCK_reg[25][30]/U$1
  (R) + 965   DFF  /Datapath_Register_inst_REG_MEM_BLOCK_reg[25][30]/U$1

Compared points are: Equivalent (reachable)
  (G) + 995   DFF  /Datapath/Register_inst/REG_MEM_BLOCK_reg[25][31]/U$1
  (R) + 966   DFF  /Datapath_Register_inst_REG_MEM_BLOCK_reg[25][31]/U$1

Compared points are: Equivalent (reachable)
  (G) + 996   DFF  /Datapath/Register_inst/REG_MEM_BLOCK_reg[26][0]/U$1
  (R) + 967   DFF  /Datapath_Register_inst_REG_MEM_BLOCK_reg[26][0]/U$1

Compared points are: Equivalent (reachable)
  (G) + 997   DFF  /Datapath/Register_inst/REG_MEM_BLOCK_reg[26][1]/U$1
  (R) + 968   DFF  /Datapath_Register_inst_REG_MEM_BLOCK_reg[26][1]/U$1

Compared points are: Equivalent (reachable)
  (G) + 998   DFF  /Datapath/Register_inst/REG_MEM_BLOCK_reg[26][2]/U$1
  (R) + 969   DFF  /Datapath_Register_inst_REG_MEM_BLOCK_reg[26][2]/U$1

Compared points are: Equivalent (reachable)
  (G) + 999   DFF  /Datapath/Register_inst/REG_MEM_BLOCK_reg[26][3]/U$1
  (R) + 970   DFF  /Datapath_Register_inst_REG_MEM_BLOCK_reg[26][3]/U$1

Compared points are: Equivalent (reachable)
  (G) + 1000  DFF  /Datapath/Register_inst/REG_MEM_BLOCK_reg[26][4]/U$1
  (R) + 971   DFF  /Datapath_Register_inst_REG_MEM_BLOCK_reg[26][4]/U$1

Compared points are: Equivalent (reachable)
  (G) + 1001  DFF  /Datapath/Register_inst/REG_MEM_BLOCK_reg[26][5]/U$1
  (R) + 972   DFF  /Datapath_Register_inst_REG_MEM_BLOCK_reg[26][5]/U$1

Compared points are: Equivalent (reachable)
  (G) + 1002  DFF  /Datapath/Register_inst/REG_MEM_BLOCK_reg[26][6]/U$1
  (R) + 973   DFF  /Datapath_Register_inst_REG_MEM_BLOCK_reg[26][6]/U$1

Compared points are: Equivalent (reachable)
  (G) + 1003  DFF  /Datapath/Register_inst/REG_MEM_BLOCK_reg[26][7]/U$1
  (R) + 974   DFF  /Datapath_Register_inst_REG_MEM_BLOCK_reg[26][7]/U$1

Compared points are: Equivalent (reachable)
  (G) + 1004  DFF  /Datapath/Register_inst/REG_MEM_BLOCK_reg[26][8]/U$1
  (R) + 975   DFF  /Datapath_Register_inst_REG_MEM_BLOCK_reg[26][8]/U$1

Compared points are: Equivalent (reachable)
  (G) + 1005  DFF  /Datapath/Register_inst/REG_MEM_BLOCK_reg[26][9]/U$1
  (R) + 976   DFF  /Datapath_Register_inst_REG_MEM_BLOCK_reg[26][9]/U$1

Compared points are: Equivalent (reachable)
  (G) + 1006  DFF  /Datapath/Register_inst/REG_MEM_BLOCK_reg[26][10]/U$1
  (R) + 977   DFF  /Datapath_Register_inst_REG_MEM_BLOCK_reg[26][10]/U$1

Compared points are: Equivalent (reachable)
  (G) + 1007  DFF  /Datapath/Register_inst/REG_MEM_BLOCK_reg[26][11]/U$1
  (R) + 978   DFF  /Datapath_Register_inst_REG_MEM_BLOCK_reg[26][11]/U$1

Compared points are: Equivalent (reachable)
  (G) + 1008  DFF  /Datapath/Register_inst/REG_MEM_BLOCK_reg[26][12]/U$1
  (R) + 979   DFF  /Datapath_Register_inst_REG_MEM_BLOCK_reg[26][12]/U$1

Compared points are: Equivalent (reachable)
  (G) + 1009  DFF  /Datapath/Register_inst/REG_MEM_BLOCK_reg[26][13]/U$1
  (R) + 980   DFF  /Datapath_Register_inst_REG_MEM_BLOCK_reg[26][13]/U$1

Compared points are: Equivalent (reachable)
  (G) + 1010  DFF  /Datapath/Register_inst/REG_MEM_BLOCK_reg[26][14]/U$1
  (R) + 981   DFF  /Datapath_Register_inst_REG_MEM_BLOCK_reg[26][14]/U$1

Compared points are: Equivalent (reachable)
  (G) + 1011  DFF  /Datapath/Register_inst/REG_MEM_BLOCK_reg[26][15]/U$1
  (R) + 982   DFF  /Datapath_Register_inst_REG_MEM_BLOCK_reg[26][15]/U$1

Compared points are: Equivalent (reachable)
  (G) + 1012  DFF  /Datapath/Register_inst/REG_MEM_BLOCK_reg[26][16]/U$1
  (R) + 983   DFF  /Datapath_Register_inst_REG_MEM_BLOCK_reg[26][16]/U$1

Compared points are: Equivalent (reachable)
  (G) + 1013  DFF  /Datapath/Register_inst/REG_MEM_BLOCK_reg[26][17]/U$1
  (R) + 984   DFF  /Datapath_Register_inst_REG_MEM_BLOCK_reg[26][17]/U$1

Compared points are: Equivalent (reachable)
  (G) + 1014  DFF  /Datapath/Register_inst/REG_MEM_BLOCK_reg[26][18]/U$1
  (R) + 985   DFF  /Datapath_Register_inst_REG_MEM_BLOCK_reg[26][18]/U$1

Compared points are: Equivalent (reachable)
  (G) + 1015  DFF  /Datapath/Register_inst/REG_MEM_BLOCK_reg[26][19]/U$1
  (R) + 986   DFF  /Datapath_Register_inst_REG_MEM_BLOCK_reg[26][19]/U$1

Compared points are: Equivalent (reachable)
  (G) + 1016  DFF  /Datapath/Register_inst/REG_MEM_BLOCK_reg[26][20]/U$1
  (R) + 987   DFF  /Datapath_Register_inst_REG_MEM_BLOCK_reg[26][20]/U$1

Compared points are: Equivalent (reachable)
  (G) + 1017  DFF  /Datapath/Register_inst/REG_MEM_BLOCK_reg[26][21]/U$1
  (R) + 988   DFF  /Datapath_Register_inst_REG_MEM_BLOCK_reg[26][21]/U$1

Compared points are: Equivalent (reachable)
  (G) + 1018  DFF  /Datapath/Register_inst/REG_MEM_BLOCK_reg[26][22]/U$1
  (R) + 989   DFF  /Datapath_Register_inst_REG_MEM_BLOCK_reg[26][22]/U$1

Compared points are: Equivalent (reachable)
  (G) + 1019  DFF  /Datapath/Register_inst/REG_MEM_BLOCK_reg[26][23]/U$1
  (R) + 990   DFF  /Datapath_Register_inst_REG_MEM_BLOCK_reg[26][23]/U$1

Compared points are: Equivalent (reachable)
  (G) + 1020  DFF  /Datapath/Register_inst/REG_MEM_BLOCK_reg[26][24]/U$1
  (R) + 991   DFF  /Datapath_Register_inst_REG_MEM_BLOCK_reg[26][24]/U$1

Compared points are: Equivalent (reachable)
  (G) + 1021  DFF  /Datapath/Register_inst/REG_MEM_BLOCK_reg[26][25]/U$1
  (R) + 992   DFF  /Datapath_Register_inst_REG_MEM_BLOCK_reg[26][25]/U$1

Compared points are: Equivalent (reachable)
  (G) + 1022  DFF  /Datapath/Register_inst/REG_MEM_BLOCK_reg[26][26]/U$1
  (R) + 993   DFF  /Datapath_Register_inst_REG_MEM_BLOCK_reg[26][26]/U$1

Compared points are: Equivalent (reachable)
  (G) + 1023  DFF  /Datapath/Register_inst/REG_MEM_BLOCK_reg[26][27]/U$1
  (R) + 994   DFF  /Datapath_Register_inst_REG_MEM_BLOCK_reg[26][27]/U$1

Compared points are: Equivalent (reachable)
  (G) + 1024  DFF  /Datapath/Register_inst/REG_MEM_BLOCK_reg[26][28]/U$1
  (R) + 995   DFF  /Datapath_Register_inst_REG_MEM_BLOCK_reg[26][28]/U$1

Compared points are: Equivalent (reachable)
  (G) + 1025  DFF  /Datapath/Register_inst/REG_MEM_BLOCK_reg[26][29]/U$1
  (R) + 996   DFF  /Datapath_Register_inst_REG_MEM_BLOCK_reg[26][29]/U$1

Compared points are: Equivalent (reachable)
  (G) + 1026  DFF  /Datapath/Register_inst/REG_MEM_BLOCK_reg[26][30]/U$1
  (R) + 997   DFF  /Datapath_Register_inst_REG_MEM_BLOCK_reg[26][30]/U$1

Compared points are: Equivalent (reachable)
  (G) + 1027  DFF  /Datapath/Register_inst/REG_MEM_BLOCK_reg[26][31]/U$1
  (R) + 998   DFF  /Datapath_Register_inst_REG_MEM_BLOCK_reg[26][31]/U$1

Compared points are: Equivalent (reachable)
  (G) + 1028  DFF  /Datapath/Register_inst/REG_MEM_BLOCK_reg[27][0]/U$1
  (R) + 999   DFF  /Datapath_Register_inst_REG_MEM_BLOCK_reg[27][0]/U$1

Compared points are: Equivalent (reachable)
  (G) + 1029  DFF  /Datapath/Register_inst/REG_MEM_BLOCK_reg[27][1]/U$1
  (R) + 1000  DFF  /Datapath_Register_inst_REG_MEM_BLOCK_reg[27][1]/U$1

Compared points are: Equivalent (reachable)
  (G) + 1030  DFF  /Datapath/Register_inst/REG_MEM_BLOCK_reg[27][2]/U$1
  (R) + 1001  DFF  /Datapath_Register_inst_REG_MEM_BLOCK_reg[27][2]/U$1

Compared points are: Equivalent (reachable)
  (G) + 1031  DFF  /Datapath/Register_inst/REG_MEM_BLOCK_reg[27][3]/U$1
  (R) + 1002  DFF  /Datapath_Register_inst_REG_MEM_BLOCK_reg[27][3]/U$1

Compared points are: Equivalent (reachable)
  (G) + 1032  DFF  /Datapath/Register_inst/REG_MEM_BLOCK_reg[27][4]/U$1
  (R) + 1003  DFF  /Datapath_Register_inst_REG_MEM_BLOCK_reg[27][4]/U$1

Compared points are: Equivalent (reachable)
  (G) + 1033  DFF  /Datapath/Register_inst/REG_MEM_BLOCK_reg[27][5]/U$1
  (R) + 1004  DFF  /Datapath_Register_inst_REG_MEM_BLOCK_reg[27][5]/U$1

Compared points are: Equivalent (reachable)
  (G) + 1034  DFF  /Datapath/Register_inst/REG_MEM_BLOCK_reg[27][6]/U$1
  (R) + 1005  DFF  /Datapath_Register_inst_REG_MEM_BLOCK_reg[27][6]/U$1

Compared points are: Equivalent (reachable)
  (G) + 1035  DFF  /Datapath/Register_inst/REG_MEM_BLOCK_reg[27][7]/U$1
  (R) + 1006  DFF  /Datapath_Register_inst_REG_MEM_BLOCK_reg[27][7]/U$1

Compared points are: Equivalent (reachable)
  (G) + 1036  DFF  /Datapath/Register_inst/REG_MEM_BLOCK_reg[27][8]/U$1
  (R) + 1007  DFF  /Datapath_Register_inst_REG_MEM_BLOCK_reg[27][8]/U$1

Compared points are: Equivalent (reachable)
  (G) + 1037  DFF  /Datapath/Register_inst/REG_MEM_BLOCK_reg[27][9]/U$1
  (R) + 1008  DFF  /Datapath_Register_inst_REG_MEM_BLOCK_reg[27][9]/U$1

Compared points are: Equivalent (reachable)
  (G) + 1038  DFF  /Datapath/Register_inst/REG_MEM_BLOCK_reg[27][10]/U$1
  (R) + 1009  DFF  /Datapath_Register_inst_REG_MEM_BLOCK_reg[27][10]/U$1

Compared points are: Equivalent (reachable)
  (G) + 1039  DFF  /Datapath/Register_inst/REG_MEM_BLOCK_reg[27][11]/U$1
  (R) + 1010  DFF  /Datapath_Register_inst_REG_MEM_BLOCK_reg[27][11]/U$1

Compared points are: Equivalent (reachable)
  (G) + 1040  DFF  /Datapath/Register_inst/REG_MEM_BLOCK_reg[27][12]/U$1
  (R) + 1011  DFF  /Datapath_Register_inst_REG_MEM_BLOCK_reg[27][12]/U$1

Compared points are: Equivalent (reachable)
  (G) + 1041  DFF  /Datapath/Register_inst/REG_MEM_BLOCK_reg[27][13]/U$1
  (R) + 1012  DFF  /Datapath_Register_inst_REG_MEM_BLOCK_reg[27][13]/U$1

Compared points are: Equivalent (reachable)
  (G) + 1042  DFF  /Datapath/Register_inst/REG_MEM_BLOCK_reg[27][14]/U$1
  (R) + 1013  DFF  /Datapath_Register_inst_REG_MEM_BLOCK_reg[27][14]/U$1

Compared points are: Equivalent (reachable)
  (G) + 1043  DFF  /Datapath/Register_inst/REG_MEM_BLOCK_reg[27][15]/U$1
  (R) + 1014  DFF  /Datapath_Register_inst_REG_MEM_BLOCK_reg[27][15]/U$1

Compared points are: Equivalent (reachable)
  (G) + 1044  DFF  /Datapath/Register_inst/REG_MEM_BLOCK_reg[27][16]/U$1
  (R) + 1015  DFF  /Datapath_Register_inst_REG_MEM_BLOCK_reg[27][16]/U$1

Compared points are: Equivalent (reachable)
  (G) + 1045  DFF  /Datapath/Register_inst/REG_MEM_BLOCK_reg[27][17]/U$1
  (R) + 1016  DFF  /Datapath_Register_inst_REG_MEM_BLOCK_reg[27][17]/U$1

Compared points are: Equivalent (reachable)
  (G) + 1046  DFF  /Datapath/Register_inst/REG_MEM_BLOCK_reg[27][18]/U$1
  (R) + 1017  DFF  /Datapath_Register_inst_REG_MEM_BLOCK_reg[27][18]/U$1

Compared points are: Equivalent (reachable)
  (G) + 1047  DFF  /Datapath/Register_inst/REG_MEM_BLOCK_reg[27][19]/U$1
  (R) + 1018  DFF  /Datapath_Register_inst_REG_MEM_BLOCK_reg[27][19]/U$1

Compared points are: Equivalent (reachable)
  (G) + 1048  DFF  /Datapath/Register_inst/REG_MEM_BLOCK_reg[27][20]/U$1
  (R) + 1019  DFF  /Datapath_Register_inst_REG_MEM_BLOCK_reg[27][20]/U$1

Compared points are: Equivalent (reachable)
  (G) + 1049  DFF  /Datapath/Register_inst/REG_MEM_BLOCK_reg[27][21]/U$1
  (R) + 1020  DFF  /Datapath_Register_inst_REG_MEM_BLOCK_reg[27][21]/U$1

Compared points are: Equivalent (reachable)
  (G) + 1050  DFF  /Datapath/Register_inst/REG_MEM_BLOCK_reg[27][22]/U$1
  (R) + 1021  DFF  /Datapath_Register_inst_REG_MEM_BLOCK_reg[27][22]/U$1

Compared points are: Equivalent (reachable)
  (G) + 1051  DFF  /Datapath/Register_inst/REG_MEM_BLOCK_reg[27][23]/U$1
  (R) + 1022  DFF  /Datapath_Register_inst_REG_MEM_BLOCK_reg[27][23]/U$1

Compared points are: Equivalent (reachable)
  (G) + 1052  DFF  /Datapath/Register_inst/REG_MEM_BLOCK_reg[27][24]/U$1
  (R) + 1023  DFF  /Datapath_Register_inst_REG_MEM_BLOCK_reg[27][24]/U$1

Compared points are: Equivalent (reachable)
  (G) + 1053  DFF  /Datapath/Register_inst/REG_MEM_BLOCK_reg[27][25]/U$1
  (R) + 1024  DFF  /Datapath_Register_inst_REG_MEM_BLOCK_reg[27][25]/U$1

Compared points are: Equivalent (reachable)
  (G) + 1054  DFF  /Datapath/Register_inst/REG_MEM_BLOCK_reg[27][26]/U$1
  (R) + 1025  DFF  /Datapath_Register_inst_REG_MEM_BLOCK_reg[27][26]/U$1

Compared points are: Equivalent (reachable)
  (G) + 1055  DFF  /Datapath/Register_inst/REG_MEM_BLOCK_reg[27][27]/U$1
  (R) + 1026  DFF  /Datapath_Register_inst_REG_MEM_BLOCK_reg[27][27]/U$1

Compared points are: Equivalent (reachable)
  (G) + 1056  DFF  /Datapath/Register_inst/REG_MEM_BLOCK_reg[27][28]/U$1
  (R) + 1027  DFF  /Datapath_Register_inst_REG_MEM_BLOCK_reg[27][28]/U$1

Compared points are: Equivalent (reachable)
  (G) + 1057  DFF  /Datapath/Register_inst/REG_MEM_BLOCK_reg[27][29]/U$1
  (R) + 1028  DFF  /Datapath_Register_inst_REG_MEM_BLOCK_reg[27][29]/U$1

Compared points are: Equivalent (reachable)
  (G) + 1058  DFF  /Datapath/Register_inst/REG_MEM_BLOCK_reg[27][30]/U$1
  (R) + 1029  DFF  /Datapath_Register_inst_REG_MEM_BLOCK_reg[27][30]/U$1

Compared points are: Equivalent (reachable)
  (G) + 1059  DFF  /Datapath/Register_inst/REG_MEM_BLOCK_reg[27][31]/U$1
  (R) + 1030  DFF  /Datapath_Register_inst_REG_MEM_BLOCK_reg[27][31]/U$1

Compared points are: Equivalent (reachable)
  (G) + 1060  DFF  /Datapath/Register_inst/REG_MEM_BLOCK_reg[28][0]/U$1
  (R) + 1031  DFF  /Datapath_Register_inst_REG_MEM_BLOCK_reg[28][0]/U$1

Compared points are: Equivalent (reachable)
  (G) + 1061  DFF  /Datapath/Register_inst/REG_MEM_BLOCK_reg[28][1]/U$1
  (R) + 1032  DFF  /Datapath_Register_inst_REG_MEM_BLOCK_reg[28][1]/U$1

Compared points are: Equivalent (reachable)
  (G) + 1062  DFF  /Datapath/Register_inst/REG_MEM_BLOCK_reg[28][2]/U$1
  (R) + 1033  DFF  /Datapath_Register_inst_REG_MEM_BLOCK_reg[28][2]/U$1

Compared points are: Equivalent (reachable)
  (G) + 1063  DFF  /Datapath/Register_inst/REG_MEM_BLOCK_reg[28][3]/U$1
  (R) + 1034  DFF  /Datapath_Register_inst_REG_MEM_BLOCK_reg[28][3]/U$1

Compared points are: Equivalent (reachable)
  (G) + 1064  DFF  /Datapath/Register_inst/REG_MEM_BLOCK_reg[28][4]/U$1
  (R) + 1035  DFF  /Datapath_Register_inst_REG_MEM_BLOCK_reg[28][4]/U$1

Compared points are: Equivalent (reachable)
  (G) + 1065  DFF  /Datapath/Register_inst/REG_MEM_BLOCK_reg[28][5]/U$1
  (R) + 1036  DFF  /Datapath_Register_inst_REG_MEM_BLOCK_reg[28][5]/U$1

Compared points are: Equivalent (reachable)
  (G) + 1066  DFF  /Datapath/Register_inst/REG_MEM_BLOCK_reg[28][6]/U$1
  (R) + 1037  DFF  /Datapath_Register_inst_REG_MEM_BLOCK_reg[28][6]/U$1

Compared points are: Equivalent (reachable)
  (G) + 1067  DFF  /Datapath/Register_inst/REG_MEM_BLOCK_reg[28][7]/U$1
  (R) + 1038  DFF  /Datapath_Register_inst_REG_MEM_BLOCK_reg[28][7]/U$1

Compared points are: Equivalent (reachable)
  (G) + 1068  DFF  /Datapath/Register_inst/REG_MEM_BLOCK_reg[28][8]/U$1
  (R) + 1039  DFF  /Datapath_Register_inst_REG_MEM_BLOCK_reg[28][8]/U$1

Compared points are: Equivalent (reachable)
  (G) + 1069  DFF  /Datapath/Register_inst/REG_MEM_BLOCK_reg[28][9]/U$1
  (R) + 1040  DFF  /Datapath_Register_inst_REG_MEM_BLOCK_reg[28][9]/U$1

Compared points are: Equivalent (reachable)
  (G) + 1070  DFF  /Datapath/Register_inst/REG_MEM_BLOCK_reg[28][10]/U$1
  (R) + 1041  DFF  /Datapath_Register_inst_REG_MEM_BLOCK_reg[28][10]/U$1

Compared points are: Equivalent (reachable)
  (G) + 1071  DFF  /Datapath/Register_inst/REG_MEM_BLOCK_reg[28][11]/U$1
  (R) + 1042  DFF  /Datapath_Register_inst_REG_MEM_BLOCK_reg[28][11]/U$1

Compared points are: Equivalent (reachable)
  (G) + 1072  DFF  /Datapath/Register_inst/REG_MEM_BLOCK_reg[28][12]/U$1
  (R) + 1043  DFF  /Datapath_Register_inst_REG_MEM_BLOCK_reg[28][12]/U$1

Compared points are: Equivalent (reachable)
  (G) + 1073  DFF  /Datapath/Register_inst/REG_MEM_BLOCK_reg[28][13]/U$1
  (R) + 1044  DFF  /Datapath_Register_inst_REG_MEM_BLOCK_reg[28][13]/U$1

Compared points are: Equivalent (reachable)
  (G) + 1074  DFF  /Datapath/Register_inst/REG_MEM_BLOCK_reg[28][14]/U$1
  (R) + 1045  DFF  /Datapath_Register_inst_REG_MEM_BLOCK_reg[28][14]/U$1

Compared points are: Equivalent (reachable)
  (G) + 1075  DFF  /Datapath/Register_inst/REG_MEM_BLOCK_reg[28][15]/U$1
  (R) + 1046  DFF  /Datapath_Register_inst_REG_MEM_BLOCK_reg[28][15]/U$1

Compared points are: Equivalent (reachable)
  (G) + 1076  DFF  /Datapath/Register_inst/REG_MEM_BLOCK_reg[28][16]/U$1
  (R) + 1047  DFF  /Datapath_Register_inst_REG_MEM_BLOCK_reg[28][16]/U$1

Compared points are: Equivalent (reachable)
  (G) + 1077  DFF  /Datapath/Register_inst/REG_MEM_BLOCK_reg[28][17]/U$1
  (R) + 1048  DFF  /Datapath_Register_inst_REG_MEM_BLOCK_reg[28][17]/U$1

Compared points are: Equivalent (reachable)
  (G) + 1078  DFF  /Datapath/Register_inst/REG_MEM_BLOCK_reg[28][18]/U$1
  (R) + 1049  DFF  /Datapath_Register_inst_REG_MEM_BLOCK_reg[28][18]/U$1

Compared points are: Equivalent (reachable)
  (G) + 1079  DFF  /Datapath/Register_inst/REG_MEM_BLOCK_reg[28][19]/U$1
  (R) + 1050  DFF  /Datapath_Register_inst_REG_MEM_BLOCK_reg[28][19]/U$1

Compared points are: Equivalent (reachable)
  (G) + 1080  DFF  /Datapath/Register_inst/REG_MEM_BLOCK_reg[28][20]/U$1
  (R) + 1051  DFF  /Datapath_Register_inst_REG_MEM_BLOCK_reg[28][20]/U$1

Compared points are: Equivalent (reachable)
  (G) + 1081  DFF  /Datapath/Register_inst/REG_MEM_BLOCK_reg[28][21]/U$1
  (R) + 1052  DFF  /Datapath_Register_inst_REG_MEM_BLOCK_reg[28][21]/U$1

Compared points are: Equivalent (reachable)
  (G) + 1082  DFF  /Datapath/Register_inst/REG_MEM_BLOCK_reg[28][22]/U$1
  (R) + 1053  DFF  /Datapath_Register_inst_REG_MEM_BLOCK_reg[28][22]/U$1

Compared points are: Equivalent (reachable)
  (G) + 1083  DFF  /Datapath/Register_inst/REG_MEM_BLOCK_reg[28][23]/U$1
  (R) + 1054  DFF  /Datapath_Register_inst_REG_MEM_BLOCK_reg[28][23]/U$1

Compared points are: Equivalent (reachable)
  (G) + 1084  DFF  /Datapath/Register_inst/REG_MEM_BLOCK_reg[28][24]/U$1
  (R) + 1055  DFF  /Datapath_Register_inst_REG_MEM_BLOCK_reg[28][24]/U$1

Compared points are: Equivalent (reachable)
  (G) + 1085  DFF  /Datapath/Register_inst/REG_MEM_BLOCK_reg[28][25]/U$1
  (R) + 1056  DFF  /Datapath_Register_inst_REG_MEM_BLOCK_reg[28][25]/U$1

Compared points are: Equivalent (reachable)
  (G) + 1086  DFF  /Datapath/Register_inst/REG_MEM_BLOCK_reg[28][26]/U$1
  (R) + 1057  DFF  /Datapath_Register_inst_REG_MEM_BLOCK_reg[28][26]/U$1

Compared points are: Equivalent (reachable)
  (G) + 1087  DFF  /Datapath/Register_inst/REG_MEM_BLOCK_reg[28][27]/U$1
  (R) + 1058  DFF  /Datapath_Register_inst_REG_MEM_BLOCK_reg[28][27]/U$1

Compared points are: Equivalent (reachable)
  (G) + 1088  DFF  /Datapath/Register_inst/REG_MEM_BLOCK_reg[28][28]/U$1
  (R) + 1059  DFF  /Datapath_Register_inst_REG_MEM_BLOCK_reg[28][28]/U$1

Compared points are: Equivalent (reachable)
  (G) + 1089  DFF  /Datapath/Register_inst/REG_MEM_BLOCK_reg[28][29]/U$1
  (R) + 1060  DFF  /Datapath_Register_inst_REG_MEM_BLOCK_reg[28][29]/U$1

Compared points are: Equivalent (reachable)
  (G) + 1090  DFF  /Datapath/Register_inst/REG_MEM_BLOCK_reg[28][30]/U$1
  (R) + 1061  DFF  /Datapath_Register_inst_REG_MEM_BLOCK_reg[28][30]/U$1

Compared points are: Equivalent (reachable)
  (G) + 1091  DFF  /Datapath/Register_inst/REG_MEM_BLOCK_reg[28][31]/U$1
  (R) + 1062  DFF  /Datapath_Register_inst_REG_MEM_BLOCK_reg[28][31]/U$1

Compared points are: Equivalent (reachable)
  (G) + 1092  DFF  /Datapath/Register_inst/REG_MEM_BLOCK_reg[29][0]/U$1
  (R) + 1063  DFF  /Datapath_Register_inst_REG_MEM_BLOCK_reg[29][0]/U$1

Compared points are: Equivalent (reachable)
  (G) + 1093  DFF  /Datapath/Register_inst/REG_MEM_BLOCK_reg[29][1]/U$1
  (R) + 1064  DFF  /Datapath_Register_inst_REG_MEM_BLOCK_reg[29][1]/U$1

Compared points are: Equivalent (reachable)
  (G) + 1094  DFF  /Datapath/Register_inst/REG_MEM_BLOCK_reg[29][2]/U$1
  (R) + 1065  DFF  /Datapath_Register_inst_REG_MEM_BLOCK_reg[29][2]/U$1

Compared points are: Equivalent (reachable)
  (G) + 1095  DFF  /Datapath/Register_inst/REG_MEM_BLOCK_reg[29][3]/U$1
  (R) + 1066  DFF  /Datapath_Register_inst_REG_MEM_BLOCK_reg[29][3]/U$1

Compared points are: Equivalent (reachable)
  (G) + 1096  DFF  /Datapath/Register_inst/REG_MEM_BLOCK_reg[29][4]/U$1
  (R) + 1067  DFF  /Datapath_Register_inst_REG_MEM_BLOCK_reg[29][4]/U$1

Compared points are: Equivalent (reachable)
  (G) + 1097  DFF  /Datapath/Register_inst/REG_MEM_BLOCK_reg[29][5]/U$1
  (R) + 1068  DFF  /Datapath_Register_inst_REG_MEM_BLOCK_reg[29][5]/U$1

Compared points are: Equivalent (reachable)
  (G) + 1098  DFF  /Datapath/Register_inst/REG_MEM_BLOCK_reg[29][6]/U$1
  (R) + 1069  DFF  /Datapath_Register_inst_REG_MEM_BLOCK_reg[29][6]/U$1

Compared points are: Equivalent (reachable)
  (G) + 1099  DFF  /Datapath/Register_inst/REG_MEM_BLOCK_reg[29][7]/U$1
  (R) + 1070  DFF  /Datapath_Register_inst_REG_MEM_BLOCK_reg[29][7]/U$1

Compared points are: Equivalent (reachable)
  (G) + 1100  DFF  /Datapath/Register_inst/REG_MEM_BLOCK_reg[29][8]/U$1
  (R) + 1071  DFF  /Datapath_Register_inst_REG_MEM_BLOCK_reg[29][8]/U$1

Compared points are: Equivalent (reachable)
  (G) + 1101  DFF  /Datapath/Register_inst/REG_MEM_BLOCK_reg[29][9]/U$1
  (R) + 1072  DFF  /Datapath_Register_inst_REG_MEM_BLOCK_reg[29][9]/U$1

Compared points are: Equivalent (reachable)
  (G) + 1102  DFF  /Datapath/Register_inst/REG_MEM_BLOCK_reg[29][10]/U$1
  (R) + 1073  DFF  /Datapath_Register_inst_REG_MEM_BLOCK_reg[29][10]/U$1

Compared points are: Equivalent (reachable)
  (G) + 1103  DFF  /Datapath/Register_inst/REG_MEM_BLOCK_reg[29][11]/U$1
  (R) + 1074  DFF  /Datapath_Register_inst_REG_MEM_BLOCK_reg[29][11]/U$1

Compared points are: Equivalent (reachable)
  (G) + 1104  DFF  /Datapath/Register_inst/REG_MEM_BLOCK_reg[29][12]/U$1
  (R) + 1075  DFF  /Datapath_Register_inst_REG_MEM_BLOCK_reg[29][12]/U$1

Compared points are: Equivalent (reachable)
  (G) + 1105  DFF  /Datapath/Register_inst/REG_MEM_BLOCK_reg[29][13]/U$1
  (R) + 1076  DFF  /Datapath_Register_inst_REG_MEM_BLOCK_reg[29][13]/U$1

Compared points are: Equivalent (reachable)
  (G) + 1106  DFF  /Datapath/Register_inst/REG_MEM_BLOCK_reg[29][14]/U$1
  (R) + 1077  DFF  /Datapath_Register_inst_REG_MEM_BLOCK_reg[29][14]/U$1

Compared points are: Equivalent (reachable)
  (G) + 1107  DFF  /Datapath/Register_inst/REG_MEM_BLOCK_reg[29][15]/U$1
  (R) + 1078  DFF  /Datapath_Register_inst_REG_MEM_BLOCK_reg[29][15]/U$1

Compared points are: Equivalent (reachable)
  (G) + 1108  DFF  /Datapath/Register_inst/REG_MEM_BLOCK_reg[29][16]/U$1
  (R) + 1079  DFF  /Datapath_Register_inst_REG_MEM_BLOCK_reg[29][16]/U$1

Compared points are: Equivalent (reachable)
  (G) + 1109  DFF  /Datapath/Register_inst/REG_MEM_BLOCK_reg[29][17]/U$1
  (R) + 1080  DFF  /Datapath_Register_inst_REG_MEM_BLOCK_reg[29][17]/U$1

Compared points are: Equivalent (reachable)
  (G) + 1110  DFF  /Datapath/Register_inst/REG_MEM_BLOCK_reg[29][18]/U$1
  (R) + 1081  DFF  /Datapath_Register_inst_REG_MEM_BLOCK_reg[29][18]/U$1

Compared points are: Equivalent (reachable)
  (G) + 1111  DFF  /Datapath/Register_inst/REG_MEM_BLOCK_reg[29][19]/U$1
  (R) + 1082  DFF  /Datapath_Register_inst_REG_MEM_BLOCK_reg[29][19]/U$1

Compared points are: Equivalent (reachable)
  (G) + 1112  DFF  /Datapath/Register_inst/REG_MEM_BLOCK_reg[29][20]/U$1
  (R) + 1083  DFF  /Datapath_Register_inst_REG_MEM_BLOCK_reg[29][20]/U$1

Compared points are: Equivalent (reachable)
  (G) + 1113  DFF  /Datapath/Register_inst/REG_MEM_BLOCK_reg[29][21]/U$1
  (R) + 1084  DFF  /Datapath_Register_inst_REG_MEM_BLOCK_reg[29][21]/U$1

Compared points are: Equivalent (reachable)
  (G) + 1114  DFF  /Datapath/Register_inst/REG_MEM_BLOCK_reg[29][22]/U$1
  (R) + 1085  DFF  /Datapath_Register_inst_REG_MEM_BLOCK_reg[29][22]/U$1

Compared points are: Equivalent (reachable)
  (G) + 1115  DFF  /Datapath/Register_inst/REG_MEM_BLOCK_reg[29][23]/U$1
  (R) + 1086  DFF  /Datapath_Register_inst_REG_MEM_BLOCK_reg[29][23]/U$1

Compared points are: Equivalent (reachable)
  (G) + 1116  DFF  /Datapath/Register_inst/REG_MEM_BLOCK_reg[29][24]/U$1
  (R) + 1087  DFF  /Datapath_Register_inst_REG_MEM_BLOCK_reg[29][24]/U$1

Compared points are: Equivalent (reachable)
  (G) + 1117  DFF  /Datapath/Register_inst/REG_MEM_BLOCK_reg[29][25]/U$1
  (R) + 1088  DFF  /Datapath_Register_inst_REG_MEM_BLOCK_reg[29][25]/U$1

Compared points are: Equivalent (reachable)
  (G) + 1118  DFF  /Datapath/Register_inst/REG_MEM_BLOCK_reg[29][26]/U$1
  (R) + 1089  DFF  /Datapath_Register_inst_REG_MEM_BLOCK_reg[29][26]/U$1

Compared points are: Equivalent (reachable)
  (G) + 1119  DFF  /Datapath/Register_inst/REG_MEM_BLOCK_reg[29][27]/U$1
  (R) + 1090  DFF  /Datapath_Register_inst_REG_MEM_BLOCK_reg[29][27]/U$1

Compared points are: Equivalent (reachable)
  (G) + 1120  DFF  /Datapath/Register_inst/REG_MEM_BLOCK_reg[29][28]/U$1
  (R) + 1091  DFF  /Datapath_Register_inst_REG_MEM_BLOCK_reg[29][28]/U$1

Compared points are: Equivalent (reachable)
  (G) + 1121  DFF  /Datapath/Register_inst/REG_MEM_BLOCK_reg[29][29]/U$1
  (R) + 1092  DFF  /Datapath_Register_inst_REG_MEM_BLOCK_reg[29][29]/U$1

Compared points are: Equivalent (reachable)
  (G) + 1122  DFF  /Datapath/Register_inst/REG_MEM_BLOCK_reg[29][30]/U$1
  (R) + 1093  DFF  /Datapath_Register_inst_REG_MEM_BLOCK_reg[29][30]/U$1

Compared points are: Equivalent (reachable)
  (G) + 1123  DFF  /Datapath/Register_inst/REG_MEM_BLOCK_reg[29][31]/U$1
  (R) + 1094  DFF  /Datapath_Register_inst_REG_MEM_BLOCK_reg[29][31]/U$1

Compared points are: Equivalent (reachable)
  (G) + 1124  DFF  /Datapath/Register_inst/REG_MEM_BLOCK_reg[30][0]/U$1
  (R) + 1095  DFF  /Datapath_Register_inst_REG_MEM_BLOCK_reg[30][0]/U$1

Compared points are: Equivalent (reachable)
  (G) + 1125  DFF  /Datapath/Register_inst/REG_MEM_BLOCK_reg[30][1]/U$1
  (R) + 1096  DFF  /Datapath_Register_inst_REG_MEM_BLOCK_reg[30][1]/U$1

Compared points are: Equivalent (reachable)
  (G) + 1126  DFF  /Datapath/Register_inst/REG_MEM_BLOCK_reg[30][2]/U$1
  (R) + 1097  DFF  /Datapath_Register_inst_REG_MEM_BLOCK_reg[30][2]/U$1

Compared points are: Equivalent (reachable)
  (G) + 1127  DFF  /Datapath/Register_inst/REG_MEM_BLOCK_reg[30][3]/U$1
  (R) + 1098  DFF  /Datapath_Register_inst_REG_MEM_BLOCK_reg[30][3]/U$1

Compared points are: Equivalent (reachable)
  (G) + 1128  DFF  /Datapath/Register_inst/REG_MEM_BLOCK_reg[30][4]/U$1
  (R) + 1099  DFF  /Datapath_Register_inst_REG_MEM_BLOCK_reg[30][4]/U$1

Compared points are: Equivalent (reachable)
  (G) + 1129  DFF  /Datapath/Register_inst/REG_MEM_BLOCK_reg[30][5]/U$1
  (R) + 1100  DFF  /Datapath_Register_inst_REG_MEM_BLOCK_reg[30][5]/U$1

Compared points are: Equivalent (reachable)
  (G) + 1130  DFF  /Datapath/Register_inst/REG_MEM_BLOCK_reg[30][6]/U$1
  (R) + 1101  DFF  /Datapath_Register_inst_REG_MEM_BLOCK_reg[30][6]/U$1

Compared points are: Equivalent (reachable)
  (G) + 1131  DFF  /Datapath/Register_inst/REG_MEM_BLOCK_reg[30][7]/U$1
  (R) + 1102  DFF  /Datapath_Register_inst_REG_MEM_BLOCK_reg[30][7]/U$1

Compared points are: Equivalent (reachable)
  (G) + 1132  DFF  /Datapath/Register_inst/REG_MEM_BLOCK_reg[30][8]/U$1
  (R) + 1103  DFF  /Datapath_Register_inst_REG_MEM_BLOCK_reg[30][8]/U$1

Compared points are: Equivalent (reachable)
  (G) + 1133  DFF  /Datapath/Register_inst/REG_MEM_BLOCK_reg[30][9]/U$1
  (R) + 1104  DFF  /Datapath_Register_inst_REG_MEM_BLOCK_reg[30][9]/U$1

Compared points are: Equivalent (reachable)
  (G) + 1134  DFF  /Datapath/Register_inst/REG_MEM_BLOCK_reg[30][10]/U$1
  (R) + 1105  DFF  /Datapath_Register_inst_REG_MEM_BLOCK_reg[30][10]/U$1

Compared points are: Equivalent (reachable)
  (G) + 1135  DFF  /Datapath/Register_inst/REG_MEM_BLOCK_reg[30][11]/U$1
  (R) + 1106  DFF  /Datapath_Register_inst_REG_MEM_BLOCK_reg[30][11]/U$1

Compared points are: Equivalent (reachable)
  (G) + 1136  DFF  /Datapath/Register_inst/REG_MEM_BLOCK_reg[30][12]/U$1
  (R) + 1107  DFF  /Datapath_Register_inst_REG_MEM_BLOCK_reg[30][12]/U$1

Compared points are: Equivalent (reachable)
  (G) + 1137  DFF  /Datapath/Register_inst/REG_MEM_BLOCK_reg[30][13]/U$1
  (R) + 1108  DFF  /Datapath_Register_inst_REG_MEM_BLOCK_reg[30][13]/U$1

Compared points are: Equivalent (reachable)
  (G) + 1138  DFF  /Datapath/Register_inst/REG_MEM_BLOCK_reg[30][14]/U$1
  (R) + 1109  DFF  /Datapath_Register_inst_REG_MEM_BLOCK_reg[30][14]/U$1

Compared points are: Equivalent (reachable)
  (G) + 1139  DFF  /Datapath/Register_inst/REG_MEM_BLOCK_reg[30][15]/U$1
  (R) + 1110  DFF  /Datapath_Register_inst_REG_MEM_BLOCK_reg[30][15]/U$1

Compared points are: Equivalent (reachable)
  (G) + 1140  DFF  /Datapath/Register_inst/REG_MEM_BLOCK_reg[30][16]/U$1
  (R) + 1111  DFF  /Datapath_Register_inst_REG_MEM_BLOCK_reg[30][16]/U$1

Compared points are: Equivalent (reachable)
  (G) + 1141  DFF  /Datapath/Register_inst/REG_MEM_BLOCK_reg[30][17]/U$1
  (R) + 1112  DFF  /Datapath_Register_inst_REG_MEM_BLOCK_reg[30][17]/U$1

Compared points are: Equivalent (reachable)
  (G) + 1142  DFF  /Datapath/Register_inst/REG_MEM_BLOCK_reg[30][18]/U$1
  (R) + 1113  DFF  /Datapath_Register_inst_REG_MEM_BLOCK_reg[30][18]/U$1

Compared points are: Equivalent (reachable)
  (G) + 1143  DFF  /Datapath/Register_inst/REG_MEM_BLOCK_reg[30][19]/U$1
  (R) + 1114  DFF  /Datapath_Register_inst_REG_MEM_BLOCK_reg[30][19]/U$1

Compared points are: Equivalent (reachable)
  (G) + 1144  DFF  /Datapath/Register_inst/REG_MEM_BLOCK_reg[30][20]/U$1
  (R) + 1115  DFF  /Datapath_Register_inst_REG_MEM_BLOCK_reg[30][20]/U$1

Compared points are: Equivalent (reachable)
  (G) + 1145  DFF  /Datapath/Register_inst/REG_MEM_BLOCK_reg[30][21]/U$1
  (R) + 1116  DFF  /Datapath_Register_inst_REG_MEM_BLOCK_reg[30][21]/U$1

Compared points are: Equivalent (reachable)
  (G) + 1146  DFF  /Datapath/Register_inst/REG_MEM_BLOCK_reg[30][22]/U$1
  (R) + 1117  DFF  /Datapath_Register_inst_REG_MEM_BLOCK_reg[30][22]/U$1

Compared points are: Equivalent (reachable)
  (G) + 1147  DFF  /Datapath/Register_inst/REG_MEM_BLOCK_reg[30][23]/U$1
  (R) + 1118  DFF  /Datapath_Register_inst_REG_MEM_BLOCK_reg[30][23]/U$1

Compared points are: Equivalent (reachable)
  (G) + 1148  DFF  /Datapath/Register_inst/REG_MEM_BLOCK_reg[30][24]/U$1
  (R) + 1119  DFF  /Datapath_Register_inst_REG_MEM_BLOCK_reg[30][24]/U$1

Compared points are: Equivalent (reachable)
  (G) + 1149  DFF  /Datapath/Register_inst/REG_MEM_BLOCK_reg[30][25]/U$1
  (R) + 1120  DFF  /Datapath_Register_inst_REG_MEM_BLOCK_reg[30][25]/U$1

Compared points are: Equivalent (reachable)
  (G) + 1150  DFF  /Datapath/Register_inst/REG_MEM_BLOCK_reg[30][26]/U$1
  (R) + 1121  DFF  /Datapath_Register_inst_REG_MEM_BLOCK_reg[30][26]/U$1

Compared points are: Equivalent (reachable)
  (G) + 1151  DFF  /Datapath/Register_inst/REG_MEM_BLOCK_reg[30][27]/U$1
  (R) + 1122  DFF  /Datapath_Register_inst_REG_MEM_BLOCK_reg[30][27]/U$1

Compared points are: Equivalent (reachable)
  (G) + 1152  DFF  /Datapath/Register_inst/REG_MEM_BLOCK_reg[30][28]/U$1
  (R) + 1123  DFF  /Datapath_Register_inst_REG_MEM_BLOCK_reg[30][28]/U$1

Compared points are: Equivalent (reachable)
  (G) + 1153  DFF  /Datapath/Register_inst/REG_MEM_BLOCK_reg[30][29]/U$1
  (R) + 1124  DFF  /Datapath_Register_inst_REG_MEM_BLOCK_reg[30][29]/U$1

Compared points are: Equivalent (reachable)
  (G) + 1154  DFF  /Datapath/Register_inst/REG_MEM_BLOCK_reg[30][30]/U$1
  (R) + 1125  DFF  /Datapath_Register_inst_REG_MEM_BLOCK_reg[30][30]/U$1

Compared points are: Equivalent (reachable)
  (G) + 1155  DFF  /Datapath/Register_inst/REG_MEM_BLOCK_reg[30][31]/U$1
  (R) + 1126  DFF  /Datapath_Register_inst_REG_MEM_BLOCK_reg[30][31]/U$1

Compared points are: Equivalent (reachable)
  (G) + 1156  DFF  /Datapath/Register_inst/REG_MEM_BLOCK_reg[31][0]/U$1
  (R) + 1127  DFF  /Datapath_Register_inst_REG_MEM_BLOCK_reg[31][0]/U$1

Compared points are: Equivalent (reachable)
  (G) + 1157  DFF  /Datapath/Register_inst/REG_MEM_BLOCK_reg[31][1]/U$1
  (R) + 1128  DFF  /Datapath_Register_inst_REG_MEM_BLOCK_reg[31][1]/U$1

Compared points are: Equivalent (reachable)
  (G) + 1158  DFF  /Datapath/Register_inst/REG_MEM_BLOCK_reg[31][2]/U$1
  (R) + 1129  DFF  /Datapath_Register_inst_REG_MEM_BLOCK_reg[31][2]/U$1

Compared points are: Equivalent (reachable)
  (G) + 1159  DFF  /Datapath/Register_inst/REG_MEM_BLOCK_reg[31][3]/U$1
  (R) + 1130  DFF  /Datapath_Register_inst_REG_MEM_BLOCK_reg[31][3]/U$1

Compared points are: Equivalent (reachable)
  (G) + 1160  DFF  /Datapath/Register_inst/REG_MEM_BLOCK_reg[31][4]/U$1
  (R) + 1131  DFF  /Datapath_Register_inst_REG_MEM_BLOCK_reg[31][4]/U$1

Compared points are: Equivalent (reachable)
  (G) + 1161  DFF  /Datapath/Register_inst/REG_MEM_BLOCK_reg[31][5]/U$1
  (R) + 1132  DFF  /Datapath_Register_inst_REG_MEM_BLOCK_reg[31][5]/U$1

Compared points are: Equivalent (reachable)
  (G) + 1162  DFF  /Datapath/Register_inst/REG_MEM_BLOCK_reg[31][6]/U$1
  (R) + 1133  DFF  /Datapath_Register_inst_REG_MEM_BLOCK_reg[31][6]/U$1

Compared points are: Equivalent (reachable)
  (G) + 1163  DFF  /Datapath/Register_inst/REG_MEM_BLOCK_reg[31][7]/U$1
  (R) + 1134  DFF  /Datapath_Register_inst_REG_MEM_BLOCK_reg[31][7]/U$1

Compared points are: Equivalent (reachable)
  (G) + 1164  DFF  /Datapath/Register_inst/REG_MEM_BLOCK_reg[31][8]/U$1
  (R) + 1135  DFF  /Datapath_Register_inst_REG_MEM_BLOCK_reg[31][8]/U$1

Compared points are: Equivalent (reachable)
  (G) + 1165  DFF  /Datapath/Register_inst/REG_MEM_BLOCK_reg[31][9]/U$1
  (R) + 1136  DFF  /Datapath_Register_inst_REG_MEM_BLOCK_reg[31][9]/U$1

Compared points are: Equivalent (reachable)
  (G) + 1166  DFF  /Datapath/Register_inst/REG_MEM_BLOCK_reg[31][10]/U$1
  (R) + 1137  DFF  /Datapath_Register_inst_REG_MEM_BLOCK_reg[31][10]/U$1

Compared points are: Equivalent (reachable)
  (G) + 1167  DFF  /Datapath/Register_inst/REG_MEM_BLOCK_reg[31][11]/U$1
  (R) + 1138  DFF  /Datapath_Register_inst_REG_MEM_BLOCK_reg[31][11]/U$1

Compared points are: Equivalent (reachable)
  (G) + 1168  DFF  /Datapath/Register_inst/REG_MEM_BLOCK_reg[31][12]/U$1
  (R) + 1139  DFF  /Datapath_Register_inst_REG_MEM_BLOCK_reg[31][12]/U$1

Compared points are: Equivalent (reachable)
  (G) + 1169  DFF  /Datapath/Register_inst/REG_MEM_BLOCK_reg[31][13]/U$1
  (R) + 1140  DFF  /Datapath_Register_inst_REG_MEM_BLOCK_reg[31][13]/U$1

Compared points are: Equivalent (reachable)
  (G) + 1170  DFF  /Datapath/Register_inst/REG_MEM_BLOCK_reg[31][14]/U$1
  (R) + 1141  DFF  /Datapath_Register_inst_REG_MEM_BLOCK_reg[31][14]/U$1

Compared points are: Equivalent (reachable)
  (G) + 1171  DFF  /Datapath/Register_inst/REG_MEM_BLOCK_reg[31][15]/U$1
  (R) + 1142  DFF  /Datapath_Register_inst_REG_MEM_BLOCK_reg[31][15]/U$1

Compared points are: Equivalent (reachable)
  (G) + 1172  DFF  /Datapath/Register_inst/REG_MEM_BLOCK_reg[31][16]/U$1
  (R) + 1143  DFF  /Datapath_Register_inst_REG_MEM_BLOCK_reg[31][16]/U$1

Compared points are: Equivalent (reachable)
  (G) + 1173  DFF  /Datapath/Register_inst/REG_MEM_BLOCK_reg[31][17]/U$1
  (R) + 1144  DFF  /Datapath_Register_inst_REG_MEM_BLOCK_reg[31][17]/U$1

Compared points are: Equivalent (reachable)
  (G) + 1174  DFF  /Datapath/Register_inst/REG_MEM_BLOCK_reg[31][18]/U$1
  (R) + 1145  DFF  /Datapath_Register_inst_REG_MEM_BLOCK_reg[31][18]/U$1

Compared points are: Equivalent (reachable)
  (G) + 1175  DFF  /Datapath/Register_inst/REG_MEM_BLOCK_reg[31][19]/U$1
  (R) + 1146  DFF  /Datapath_Register_inst_REG_MEM_BLOCK_reg[31][19]/U$1

Compared points are: Equivalent (reachable)
  (G) + 1176  DFF  /Datapath/Register_inst/REG_MEM_BLOCK_reg[31][20]/U$1
  (R) + 1147  DFF  /Datapath_Register_inst_REG_MEM_BLOCK_reg[31][20]/U$1

Compared points are: Equivalent (reachable)
  (G) + 1177  DFF  /Datapath/Register_inst/REG_MEM_BLOCK_reg[31][21]/U$1
  (R) + 1148  DFF  /Datapath_Register_inst_REG_MEM_BLOCK_reg[31][21]/U$1

Compared points are: Equivalent (reachable)
  (G) + 1178  DFF  /Datapath/Register_inst/REG_MEM_BLOCK_reg[31][22]/U$1
  (R) + 1149  DFF  /Datapath_Register_inst_REG_MEM_BLOCK_reg[31][22]/U$1

Compared points are: Equivalent (reachable)
  (G) + 1179  DFF  /Datapath/Register_inst/REG_MEM_BLOCK_reg[31][23]/U$1
  (R) + 1150  DFF  /Datapath_Register_inst_REG_MEM_BLOCK_reg[31][23]/U$1

Compared points are: Equivalent (reachable)
  (G) + 1180  DFF  /Datapath/Register_inst/REG_MEM_BLOCK_reg[31][24]/U$1
  (R) + 1151  DFF  /Datapath_Register_inst_REG_MEM_BLOCK_reg[31][24]/U$1

Compared points are: Equivalent (reachable)
  (G) + 1181  DFF  /Datapath/Register_inst/REG_MEM_BLOCK_reg[31][25]/U$1
  (R) + 1152  DFF  /Datapath_Register_inst_REG_MEM_BLOCK_reg[31][25]/U$1

Compared points are: Equivalent (reachable)
  (G) + 1182  DFF  /Datapath/Register_inst/REG_MEM_BLOCK_reg[31][26]/U$1
  (R) + 1153  DFF  /Datapath_Register_inst_REG_MEM_BLOCK_reg[31][26]/U$1

Compared points are: Equivalent (reachable)
  (G) + 1183  DFF  /Datapath/Register_inst/REG_MEM_BLOCK_reg[31][27]/U$1
  (R) + 1154  DFF  /Datapath_Register_inst_REG_MEM_BLOCK_reg[31][27]/U$1

Compared points are: Equivalent (reachable)
  (G) + 1184  DFF  /Datapath/Register_inst/REG_MEM_BLOCK_reg[31][28]/U$1
  (R) + 1155  DFF  /Datapath_Register_inst_REG_MEM_BLOCK_reg[31][28]/U$1

Compared points are: Equivalent (reachable)
  (G) + 1185  DFF  /Datapath/Register_inst/REG_MEM_BLOCK_reg[31][29]/U$1
  (R) + 1156  DFF  /Datapath_Register_inst_REG_MEM_BLOCK_reg[31][29]/U$1

Compared points are: Equivalent (reachable)
  (G) + 1186  DFF  /Datapath/Register_inst/REG_MEM_BLOCK_reg[31][30]/U$1
  (R) + 1157  DFF  /Datapath_Register_inst_REG_MEM_BLOCK_reg[31][30]/U$1

Compared points are: Equivalent (reachable)
  (G) + 1187  DFF  /Datapath/Register_inst/REG_MEM_BLOCK_reg[31][31]/U$1
  (R) + 1158  DFF  /Datapath_Register_inst_REG_MEM_BLOCK_reg[31][31]/U$1

1121 compared point(s) reported
================================================================================
Compared points      PO     DFF       Total   
--------------------------------------------------------------------------------
Equivalent           97     1024      1121    
================================================================================

Standard input has been closed.
